persona_uuid,model,scenario_id,context_snapshot_id,seed,elapsed_sec,timestamp,response_file,appeal_score,visit_intent,key_attraction,key_concern,reason,uuid,professional_persona,sports_persona,arts_persona,travel_persona,culinary_persona,family_persona,persona,cultural_background,skills_and_expertise,skills_and_expertise_list,hobbies_and_interests,hobbies_and_interests_list,career_goals_and_ambitions,sex,age,marital_status,military_status,family_type,housing_type,education_level,bachelors_field,occupation,district,province,country
7cb1e5ed-2014-5f1e-8d3b-c9e67ecb0280,openrouter/openai/gpt-4o-mini,exhibition_appeal,2026-04,42,6.094,2026-04-28T21:22:34,7cb1e5ed-2014-5f1e-8d3b-c9e67ecb0280_openrouter_openai_gpt-4o-mini_20260428T212234.json,4,yes,1990년대 서울의 일상 기록,관람료가 부담스러울 수 있다,"1990년대 서울에 대한 개인적인 기억과 경험이 많아서 그 시절의 일상과 풍경을 다시 돌아보는 것이 흥미롭게 느껴집니다. 특히 보도사진과 시민 인터뷰 영상은 그 시절의 생생한 이야기를 들려줄 것 같아 기대됩니다. 다만, 관람료가 5,000원이어서 자주 가기에는 조금 부담이 될 수 있어 망설여지기도 합니다.",106b0ceb5b2541d0a57a70fc0aa9eaab,주정숙 씨는 여수의 한 사회복지시설 입구에서 휠체어를 미는 어르신들의 손을 덥석 잡으며 하루를 시작합니다. 막무가내로 소리를 지르는 민원인이 나타나도 그저 허허 웃으며 이야기를 끝까지 들어주다 보면 어느새 상대의 화가 가라앉는 것을 경험하는 능숙한 중재자입니다.,주정숙 씨는 해 질 녘 오동도의 완만한 산책로를 천천히 거닐며 바닷바람에 섞인 짠 내를 깊게 들이마십니다. 특별한 운동기구 없이도 매일 조금씩 걷는 습관 덕분에 예순아홉이라는 나이가 믿기지 않을 만큼 곧은 허리와 가벼운 발걸음을 유지하고 있습니다.,주정숙 씨는 거실 소파에 깊숙이 몸을 파묻고 '미스터트롯' 출연자들의 노래를 멍하니 감상하며 하루의 피로를 씻어냅니다. 가끔은 텔레비전 소리를 배경 삼아 아무 생각 없이 천장을 바라보는 정적의 시간을 통해 마음의 평온을 찾습니다.,주정숙 씨는 명절이나 휴가 때면 자녀들이 운전하는 차를 타고 전남 구례의 산수유 마을이나 담양의 메타세쿼이아 길을 찾아가 풍경을 눈에 담습니다. 화려한 관광지보다는 가족들의 재잘거림이 섞인 조용한 자연 속에서 걷는 시간을 가장 소중하게 여깁니다.,"주정숙 씨는 일주일에 네 번 이상 가족들과 함께 집 근처 식당을 찾으며, 나물 반찬이 듬뿍 나오는 보리밥 정식이나 구수한 청국장 찌개를 즐겨 먹습니다. 가끔 자녀들의 손에 이끌려 간 쌀국수 집에서 고수를 뺀 진한 소고기 국물에 면을 말아 먹으며 낯선 이국의 맛에 소소한 즐거움을 느낍니다.","주정숙 씨는 남편과는 따로 지내며 다세대 주택의 좁은 복도에서 자녀들과 부대끼며 살아가지만, 그 북적거림 속에서 외로움을 잊고 살아갑니다. 자녀들의 사소한 투정을 다 받아주면서도 가끔은 좁은 집안 꼴을 보며 깊은 한숨을 내쉬는 복합적인 애정을 품고 있습니다.","주정숙 씨는 여수의 바닷바람과 고단한 삶의 세월을 견디며 자녀들을 키워낸, 강인함과 부드러움을 동시에 지닌 60대 보안원입니다.","여수 앞바다의 짠 내와 함께 나이 들었고, 중학교 졸업 후 곧바로 생업에 뛰어들어 자식들을 키워낸 세월이 몸에 배어 있습니다. 남편과는 떨어져 지내지만, 다세대 주택의 좁은 복도에서 자녀들과 부대끼며 소박한 정을 나누는 삶의 방식을 유지하고 있습니다.","사회복지시설 경비원으로 근무하며 거동이 불편한 어르신들의 상태를 빠르게 살피고 부축하며, 까다로운 민원인의 말을 묵묵히 들어주어 상황을 유연하게 진정시킵니다.","['시설 방문객 안내 및 응대', '거동 불편자 보행 보조', '단지 내 취약 지점 순찰', '민원인 감정 완화 소통']","해 질 녘 오동도 산책길을 천천히 걷거나, 거실 소파에 기대어 TV 프로그램을 보며 멍하게 시간을 보내는 순간을 아낍니다. 가끔 자녀들이 데려가는 동네 쌀국수 집에서 진한 국물 맛을 즐기기도 합니다.","['오동도 해안가 산책', 'TV 드라마 시청', '베트남 쌀국수 맛집 방문', '동네 친구들과의 전화 수다']","직급 상승이나 큰 성취보다는 지금처럼 건강하게 출근하며, 매달 들어오는 월급으로 자녀들에게 소소한 용돈을 챙겨줄 수 있는 평범한 일상의 유지를 바랍니다.",여자,69,배우자있음,비현역,자녀와 거주 (배우자 별거),다세대주택,중학교,해당없음,건물 경비원,전라남-여수시,전라남,대한민국
7cb1e5ed-2014-5f1e-8d3b-c9e67ecb0280,openrouter/openai/gpt-4o-mini,exhibition_appeal,2026-04,42,4.811,2026-04-28T21:24:22,7cb1e5ed-2014-5f1e-8d3b-c9e67ecb0280_openrouter_openai_gpt-4o-mini_20260428T212422.json,4,yes,1990년대 서울의 일상과 풍경을 통해 나와 같은 사람들의 이야기를 들을 수 있다는 점,전시가 너무 오래 걸리면 힘들 것 같아,"전시 주제가 나에게 익숙한 1990년대 서울을 다루고 있어 관심이 많이 가고, 그 시절의 사람들의 이야기를 듣는 것이 흥미로울 것 같아요. 하지만, 관람 시간이 길어지면 체력적으로 힘들 수 있을 것 같아 조금 걱정이 되네요. 그래도 다양한 자료들과 시민들의 경험이 담긴 영상들로 구성된 만큼, 충분히 가치 있는 경험이 될 것 같습니다.",106b0ceb5b2541d0a57a70fc0aa9eaab,주정숙 씨는 여수의 한 사회복지시설 입구에서 휠체어를 미는 어르신들의 손을 덥석 잡으며 하루를 시작합니다. 막무가내로 소리를 지르는 민원인이 나타나도 그저 허허 웃으며 이야기를 끝까지 들어주다 보면 어느새 상대의 화가 가라앉는 것을 경험하는 능숙한 중재자입니다.,주정숙 씨는 해 질 녘 오동도의 완만한 산책로를 천천히 거닐며 바닷바람에 섞인 짠 내를 깊게 들이마십니다. 특별한 운동기구 없이도 매일 조금씩 걷는 습관 덕분에 예순아홉이라는 나이가 믿기지 않을 만큼 곧은 허리와 가벼운 발걸음을 유지하고 있습니다.,주정숙 씨는 거실 소파에 깊숙이 몸을 파묻고 '미스터트롯' 출연자들의 노래를 멍하니 감상하며 하루의 피로를 씻어냅니다. 가끔은 텔레비전 소리를 배경 삼아 아무 생각 없이 천장을 바라보는 정적의 시간을 통해 마음의 평온을 찾습니다.,주정숙 씨는 명절이나 휴가 때면 자녀들이 운전하는 차를 타고 전남 구례의 산수유 마을이나 담양의 메타세쿼이아 길을 찾아가 풍경을 눈에 담습니다. 화려한 관광지보다는 가족들의 재잘거림이 섞인 조용한 자연 속에서 걷는 시간을 가장 소중하게 여깁니다.,"주정숙 씨는 일주일에 네 번 이상 가족들과 함께 집 근처 식당을 찾으며, 나물 반찬이 듬뿍 나오는 보리밥 정식이나 구수한 청국장 찌개를 즐겨 먹습니다. 가끔 자녀들의 손에 이끌려 간 쌀국수 집에서 고수를 뺀 진한 소고기 국물에 면을 말아 먹으며 낯선 이국의 맛에 소소한 즐거움을 느낍니다.","주정숙 씨는 남편과는 따로 지내며 다세대 주택의 좁은 복도에서 자녀들과 부대끼며 살아가지만, 그 북적거림 속에서 외로움을 잊고 살아갑니다. 자녀들의 사소한 투정을 다 받아주면서도 가끔은 좁은 집안 꼴을 보며 깊은 한숨을 내쉬는 복합적인 애정을 품고 있습니다.","주정숙 씨는 여수의 바닷바람과 고단한 삶의 세월을 견디며 자녀들을 키워낸, 강인함과 부드러움을 동시에 지닌 60대 보안원입니다.","여수 앞바다의 짠 내와 함께 나이 들었고, 중학교 졸업 후 곧바로 생업에 뛰어들어 자식들을 키워낸 세월이 몸에 배어 있습니다. 남편과는 떨어져 지내지만, 다세대 주택의 좁은 복도에서 자녀들과 부대끼며 소박한 정을 나누는 삶의 방식을 유지하고 있습니다.","사회복지시설 경비원으로 근무하며 거동이 불편한 어르신들의 상태를 빠르게 살피고 부축하며, 까다로운 민원인의 말을 묵묵히 들어주어 상황을 유연하게 진정시킵니다.","['시설 방문객 안내 및 응대', '거동 불편자 보행 보조', '단지 내 취약 지점 순찰', '민원인 감정 완화 소통']","해 질 녘 오동도 산책길을 천천히 걷거나, 거실 소파에 기대어 TV 프로그램을 보며 멍하게 시간을 보내는 순간을 아낍니다. 가끔 자녀들이 데려가는 동네 쌀국수 집에서 진한 국물 맛을 즐기기도 합니다.","['오동도 해안가 산책', 'TV 드라마 시청', '베트남 쌀국수 맛집 방문', '동네 친구들과의 전화 수다']","직급 상승이나 큰 성취보다는 지금처럼 건강하게 출근하며, 매달 들어오는 월급으로 자녀들에게 소소한 용돈을 챙겨줄 수 있는 평범한 일상의 유지를 바랍니다.",여자,69,배우자있음,비현역,자녀와 거주 (배우자 별거),다세대주택,중학교,해당없음,건물 경비원,전라남-여수시,전라남,대한민국
7cb1e5ed-2014-5f1e-8d3b-c9e67ecb0280,openrouter/qwen/qwen-2.5-72b-instruct,exhibition_appeal,2026-04,42,4.762,2026-04-28T21:24:27,7cb1e5ed-2014-5f1e-8d3b-c9e67ecb0280_openrouter_qwen_qwen-2.5-72b-instruct_20260428T212427.json,3,maybe,1990년대 서울의 일상과 풍경을 담은 사진과 영상,전시가 너무 전문적이어서 이해하기 어려울 수 있다.,"1990년대 서울의 모습은 나와는 좀 거리가 있지만, 당시의 삶과 풍경을 볼 수 있다는 점이 흥미롭다. 하지만 전시가 너무 전문적이거나 이해하기 어려운 내용으로 구성될 수 있어 걱정이다.",106b0ceb5b2541d0a57a70fc0aa9eaab,주정숙 씨는 여수의 한 사회복지시설 입구에서 휠체어를 미는 어르신들의 손을 덥석 잡으며 하루를 시작합니다. 막무가내로 소리를 지르는 민원인이 나타나도 그저 허허 웃으며 이야기를 끝까지 들어주다 보면 어느새 상대의 화가 가라앉는 것을 경험하는 능숙한 중재자입니다.,주정숙 씨는 해 질 녘 오동도의 완만한 산책로를 천천히 거닐며 바닷바람에 섞인 짠 내를 깊게 들이마십니다. 특별한 운동기구 없이도 매일 조금씩 걷는 습관 덕분에 예순아홉이라는 나이가 믿기지 않을 만큼 곧은 허리와 가벼운 발걸음을 유지하고 있습니다.,주정숙 씨는 거실 소파에 깊숙이 몸을 파묻고 '미스터트롯' 출연자들의 노래를 멍하니 감상하며 하루의 피로를 씻어냅니다. 가끔은 텔레비전 소리를 배경 삼아 아무 생각 없이 천장을 바라보는 정적의 시간을 통해 마음의 평온을 찾습니다.,주정숙 씨는 명절이나 휴가 때면 자녀들이 운전하는 차를 타고 전남 구례의 산수유 마을이나 담양의 메타세쿼이아 길을 찾아가 풍경을 눈에 담습니다. 화려한 관광지보다는 가족들의 재잘거림이 섞인 조용한 자연 속에서 걷는 시간을 가장 소중하게 여깁니다.,"주정숙 씨는 일주일에 네 번 이상 가족들과 함께 집 근처 식당을 찾으며, 나물 반찬이 듬뿍 나오는 보리밥 정식이나 구수한 청국장 찌개를 즐겨 먹습니다. 가끔 자녀들의 손에 이끌려 간 쌀국수 집에서 고수를 뺀 진한 소고기 국물에 면을 말아 먹으며 낯선 이국의 맛에 소소한 즐거움을 느낍니다.","주정숙 씨는 남편과는 따로 지내며 다세대 주택의 좁은 복도에서 자녀들과 부대끼며 살아가지만, 그 북적거림 속에서 외로움을 잊고 살아갑니다. 자녀들의 사소한 투정을 다 받아주면서도 가끔은 좁은 집안 꼴을 보며 깊은 한숨을 내쉬는 복합적인 애정을 품고 있습니다.","주정숙 씨는 여수의 바닷바람과 고단한 삶의 세월을 견디며 자녀들을 키워낸, 강인함과 부드러움을 동시에 지닌 60대 보안원입니다.","여수 앞바다의 짠 내와 함께 나이 들었고, 중학교 졸업 후 곧바로 생업에 뛰어들어 자식들을 키워낸 세월이 몸에 배어 있습니다. 남편과는 떨어져 지내지만, 다세대 주택의 좁은 복도에서 자녀들과 부대끼며 소박한 정을 나누는 삶의 방식을 유지하고 있습니다.","사회복지시설 경비원으로 근무하며 거동이 불편한 어르신들의 상태를 빠르게 살피고 부축하며, 까다로운 민원인의 말을 묵묵히 들어주어 상황을 유연하게 진정시킵니다.","['시설 방문객 안내 및 응대', '거동 불편자 보행 보조', '단지 내 취약 지점 순찰', '민원인 감정 완화 소통']","해 질 녘 오동도 산책길을 천천히 걷거나, 거실 소파에 기대어 TV 프로그램을 보며 멍하게 시간을 보내는 순간을 아낍니다. 가끔 자녀들이 데려가는 동네 쌀국수 집에서 진한 국물 맛을 즐기기도 합니다.","['오동도 해안가 산책', 'TV 드라마 시청', '베트남 쌀국수 맛집 방문', '동네 친구들과의 전화 수다']","직급 상승이나 큰 성취보다는 지금처럼 건강하게 출근하며, 매달 들어오는 월급으로 자녀들에게 소소한 용돈을 챙겨줄 수 있는 평범한 일상의 유지를 바랍니다.",여자,69,배우자있음,비현역,자녀와 거주 (배우자 별거),다세대주택,중학교,해당없음,건물 경비원,전라남-여수시,전라남,대한민국
7cb1e5ed-2014-5f1e-8d3b-c9e67ecb0280,openrouter/google/gemini-2.5-flash,exhibition_appeal,2026-04,42,1.597,2026-04-28T21:24:28,7cb1e5ed-2014-5f1e-8d3b-c9e67ecb0280_openrouter_google_gemini-2.5-flash_20260428T212428.json,3,maybe,1990년대 서울 보도사진 100점,"관람료 5,000원","1990년대 서울 모습이라 하니, 내가 살던 때라 궁금하긴 해. 옛날 생각도 나고 그럴 것 같아. 근데 굳이 돈 내고 서울까지 갈 정돈가 싶기도 하네. 그래도 자식들이랑 같이 보면 좋긴 할 것 같아.",106b0ceb5b2541d0a57a70fc0aa9eaab,주정숙 씨는 여수의 한 사회복지시설 입구에서 휠체어를 미는 어르신들의 손을 덥석 잡으며 하루를 시작합니다. 막무가내로 소리를 지르는 민원인이 나타나도 그저 허허 웃으며 이야기를 끝까지 들어주다 보면 어느새 상대의 화가 가라앉는 것을 경험하는 능숙한 중재자입니다.,주정숙 씨는 해 질 녘 오동도의 완만한 산책로를 천천히 거닐며 바닷바람에 섞인 짠 내를 깊게 들이마십니다. 특별한 운동기구 없이도 매일 조금씩 걷는 습관 덕분에 예순아홉이라는 나이가 믿기지 않을 만큼 곧은 허리와 가벼운 발걸음을 유지하고 있습니다.,주정숙 씨는 거실 소파에 깊숙이 몸을 파묻고 '미스터트롯' 출연자들의 노래를 멍하니 감상하며 하루의 피로를 씻어냅니다. 가끔은 텔레비전 소리를 배경 삼아 아무 생각 없이 천장을 바라보는 정적의 시간을 통해 마음의 평온을 찾습니다.,주정숙 씨는 명절이나 휴가 때면 자녀들이 운전하는 차를 타고 전남 구례의 산수유 마을이나 담양의 메타세쿼이아 길을 찾아가 풍경을 눈에 담습니다. 화려한 관광지보다는 가족들의 재잘거림이 섞인 조용한 자연 속에서 걷는 시간을 가장 소중하게 여깁니다.,"주정숙 씨는 일주일에 네 번 이상 가족들과 함께 집 근처 식당을 찾으며, 나물 반찬이 듬뿍 나오는 보리밥 정식이나 구수한 청국장 찌개를 즐겨 먹습니다. 가끔 자녀들의 손에 이끌려 간 쌀국수 집에서 고수를 뺀 진한 소고기 국물에 면을 말아 먹으며 낯선 이국의 맛에 소소한 즐거움을 느낍니다.","주정숙 씨는 남편과는 따로 지내며 다세대 주택의 좁은 복도에서 자녀들과 부대끼며 살아가지만, 그 북적거림 속에서 외로움을 잊고 살아갑니다. 자녀들의 사소한 투정을 다 받아주면서도 가끔은 좁은 집안 꼴을 보며 깊은 한숨을 내쉬는 복합적인 애정을 품고 있습니다.","주정숙 씨는 여수의 바닷바람과 고단한 삶의 세월을 견디며 자녀들을 키워낸, 강인함과 부드러움을 동시에 지닌 60대 보안원입니다.","여수 앞바다의 짠 내와 함께 나이 들었고, 중학교 졸업 후 곧바로 생업에 뛰어들어 자식들을 키워낸 세월이 몸에 배어 있습니다. 남편과는 떨어져 지내지만, 다세대 주택의 좁은 복도에서 자녀들과 부대끼며 소박한 정을 나누는 삶의 방식을 유지하고 있습니다.","사회복지시설 경비원으로 근무하며 거동이 불편한 어르신들의 상태를 빠르게 살피고 부축하며, 까다로운 민원인의 말을 묵묵히 들어주어 상황을 유연하게 진정시킵니다.","['시설 방문객 안내 및 응대', '거동 불편자 보행 보조', '단지 내 취약 지점 순찰', '민원인 감정 완화 소통']","해 질 녘 오동도 산책길을 천천히 걷거나, 거실 소파에 기대어 TV 프로그램을 보며 멍하게 시간을 보내는 순간을 아낍니다. 가끔 자녀들이 데려가는 동네 쌀국수 집에서 진한 국물 맛을 즐기기도 합니다.","['오동도 해안가 산책', 'TV 드라마 시청', '베트남 쌀국수 맛집 방문', '동네 친구들과의 전화 수다']","직급 상승이나 큰 성취보다는 지금처럼 건강하게 출근하며, 매달 들어오는 월급으로 자녀들에게 소소한 용돈을 챙겨줄 수 있는 평범한 일상의 유지를 바랍니다.",여자,69,배우자있음,비현역,자녀와 거주 (배우자 별거),다세대주택,중학교,해당없음,건물 경비원,전라남-여수시,전라남,대한민국
7cb1e5ed-2014-5f1e-8d3b-c9e67ecb0280,openrouter/anthropic/claude-haiku-4.5,exhibition_appeal,2026-04,42,4.525,2026-04-28T21:24:33,7cb1e5ed-2014-5f1e-8d3b-c9e67ecb0280_openrouter_anthropic_claude-haiku-4.5_20260428T212433.json,2,no,당시 일기·편지·우편엽서 같은 시민 자료들,"서울 전시라 여수에서 가기엔 너무 멀고, 1990년대가 내 젊은 시절이라 괜히 옛날 생각만 많이 날 것 같음","서울시립미술관이라고 하니 서울 가야 한다는 거 아닌가. 여수에서 서울까지 버스로 4시간 넘게 걸리는데, 전시를 보려고 그리 먼 길을 갈 리가 없지. 게다가 1990년대면 내가 한창 일하던 때고, 자식들 키우느라 바쁠 때라... 그때 생각 나면 마음만 아플 것 같다. 차라리 집 근처에서 볼 만한 게 있으면 좋겠는데.",106b0ceb5b2541d0a57a70fc0aa9eaab,주정숙 씨는 여수의 한 사회복지시설 입구에서 휠체어를 미는 어르신들의 손을 덥석 잡으며 하루를 시작합니다. 막무가내로 소리를 지르는 민원인이 나타나도 그저 허허 웃으며 이야기를 끝까지 들어주다 보면 어느새 상대의 화가 가라앉는 것을 경험하는 능숙한 중재자입니다.,주정숙 씨는 해 질 녘 오동도의 완만한 산책로를 천천히 거닐며 바닷바람에 섞인 짠 내를 깊게 들이마십니다. 특별한 운동기구 없이도 매일 조금씩 걷는 습관 덕분에 예순아홉이라는 나이가 믿기지 않을 만큼 곧은 허리와 가벼운 발걸음을 유지하고 있습니다.,주정숙 씨는 거실 소파에 깊숙이 몸을 파묻고 '미스터트롯' 출연자들의 노래를 멍하니 감상하며 하루의 피로를 씻어냅니다. 가끔은 텔레비전 소리를 배경 삼아 아무 생각 없이 천장을 바라보는 정적의 시간을 통해 마음의 평온을 찾습니다.,주정숙 씨는 명절이나 휴가 때면 자녀들이 운전하는 차를 타고 전남 구례의 산수유 마을이나 담양의 메타세쿼이아 길을 찾아가 풍경을 눈에 담습니다. 화려한 관광지보다는 가족들의 재잘거림이 섞인 조용한 자연 속에서 걷는 시간을 가장 소중하게 여깁니다.,"주정숙 씨는 일주일에 네 번 이상 가족들과 함께 집 근처 식당을 찾으며, 나물 반찬이 듬뿍 나오는 보리밥 정식이나 구수한 청국장 찌개를 즐겨 먹습니다. 가끔 자녀들의 손에 이끌려 간 쌀국수 집에서 고수를 뺀 진한 소고기 국물에 면을 말아 먹으며 낯선 이국의 맛에 소소한 즐거움을 느낍니다.","주정숙 씨는 남편과는 따로 지내며 다세대 주택의 좁은 복도에서 자녀들과 부대끼며 살아가지만, 그 북적거림 속에서 외로움을 잊고 살아갑니다. 자녀들의 사소한 투정을 다 받아주면서도 가끔은 좁은 집안 꼴을 보며 깊은 한숨을 내쉬는 복합적인 애정을 품고 있습니다.","주정숙 씨는 여수의 바닷바람과 고단한 삶의 세월을 견디며 자녀들을 키워낸, 강인함과 부드러움을 동시에 지닌 60대 보안원입니다.","여수 앞바다의 짠 내와 함께 나이 들었고, 중학교 졸업 후 곧바로 생업에 뛰어들어 자식들을 키워낸 세월이 몸에 배어 있습니다. 남편과는 떨어져 지내지만, 다세대 주택의 좁은 복도에서 자녀들과 부대끼며 소박한 정을 나누는 삶의 방식을 유지하고 있습니다.","사회복지시설 경비원으로 근무하며 거동이 불편한 어르신들의 상태를 빠르게 살피고 부축하며, 까다로운 민원인의 말을 묵묵히 들어주어 상황을 유연하게 진정시킵니다.","['시설 방문객 안내 및 응대', '거동 불편자 보행 보조', '단지 내 취약 지점 순찰', '민원인 감정 완화 소통']","해 질 녘 오동도 산책길을 천천히 걷거나, 거실 소파에 기대어 TV 프로그램을 보며 멍하게 시간을 보내는 순간을 아낍니다. 가끔 자녀들이 데려가는 동네 쌀국수 집에서 진한 국물 맛을 즐기기도 합니다.","['오동도 해안가 산책', 'TV 드라마 시청', '베트남 쌀국수 맛집 방문', '동네 친구들과의 전화 수다']","직급 상승이나 큰 성취보다는 지금처럼 건강하게 출근하며, 매달 들어오는 월급으로 자녀들에게 소소한 용돈을 챙겨줄 수 있는 평범한 일상의 유지를 바랍니다.",여자,69,배우자있음,비현역,자녀와 거주 (배우자 별거),다세대주택,중학교,해당없음,건물 경비원,전라남-여수시,전라남,대한민국
7cb1e5ed-2014-5f1e-8d3b-c9e67ecb0280,openrouter/openai/gpt-5-mini,exhibition_appeal,2026-04,42,18.638,2026-04-28T21:24:52,7cb1e5ed-2014-5f1e-8d3b-c9e67ecb0280_openrouter_openai_gpt-5-mini_20260428T212452.json,3,maybe,시민의 일기·편지·우편엽서 같은 사적 기록,여수에서의 이동 시간·교통비와 관람료 부담,"1990년대 평범한 사람들의 삶을 사진·편지·인터뷰로 보여준다는 기획은 정겹고 제 기억과도 겹쳐서 끌립니다. 다만 여수에서 서울시립미술관까지 가는 교통·시간 부담과 관람료가 현실적 걸림돌이에요. 시민 앨범과 일기·엽서 같은 사적인 자료는 꼭 보고 싶지만, 사진·영상만 많으면 오래 서 있기 힘들어 주변 편의(의자·설명)가 신경 쓰입니다. 자녀들이 데려가 줄 기회가 있다면 더 갈 의향이 큽니다.",106b0ceb5b2541d0a57a70fc0aa9eaab,주정숙 씨는 여수의 한 사회복지시설 입구에서 휠체어를 미는 어르신들의 손을 덥석 잡으며 하루를 시작합니다. 막무가내로 소리를 지르는 민원인이 나타나도 그저 허허 웃으며 이야기를 끝까지 들어주다 보면 어느새 상대의 화가 가라앉는 것을 경험하는 능숙한 중재자입니다.,주정숙 씨는 해 질 녘 오동도의 완만한 산책로를 천천히 거닐며 바닷바람에 섞인 짠 내를 깊게 들이마십니다. 특별한 운동기구 없이도 매일 조금씩 걷는 습관 덕분에 예순아홉이라는 나이가 믿기지 않을 만큼 곧은 허리와 가벼운 발걸음을 유지하고 있습니다.,주정숙 씨는 거실 소파에 깊숙이 몸을 파묻고 '미스터트롯' 출연자들의 노래를 멍하니 감상하며 하루의 피로를 씻어냅니다. 가끔은 텔레비전 소리를 배경 삼아 아무 생각 없이 천장을 바라보는 정적의 시간을 통해 마음의 평온을 찾습니다.,주정숙 씨는 명절이나 휴가 때면 자녀들이 운전하는 차를 타고 전남 구례의 산수유 마을이나 담양의 메타세쿼이아 길을 찾아가 풍경을 눈에 담습니다. 화려한 관광지보다는 가족들의 재잘거림이 섞인 조용한 자연 속에서 걷는 시간을 가장 소중하게 여깁니다.,"주정숙 씨는 일주일에 네 번 이상 가족들과 함께 집 근처 식당을 찾으며, 나물 반찬이 듬뿍 나오는 보리밥 정식이나 구수한 청국장 찌개를 즐겨 먹습니다. 가끔 자녀들의 손에 이끌려 간 쌀국수 집에서 고수를 뺀 진한 소고기 국물에 면을 말아 먹으며 낯선 이국의 맛에 소소한 즐거움을 느낍니다.","주정숙 씨는 남편과는 따로 지내며 다세대 주택의 좁은 복도에서 자녀들과 부대끼며 살아가지만, 그 북적거림 속에서 외로움을 잊고 살아갑니다. 자녀들의 사소한 투정을 다 받아주면서도 가끔은 좁은 집안 꼴을 보며 깊은 한숨을 내쉬는 복합적인 애정을 품고 있습니다.","주정숙 씨는 여수의 바닷바람과 고단한 삶의 세월을 견디며 자녀들을 키워낸, 강인함과 부드러움을 동시에 지닌 60대 보안원입니다.","여수 앞바다의 짠 내와 함께 나이 들었고, 중학교 졸업 후 곧바로 생업에 뛰어들어 자식들을 키워낸 세월이 몸에 배어 있습니다. 남편과는 떨어져 지내지만, 다세대 주택의 좁은 복도에서 자녀들과 부대끼며 소박한 정을 나누는 삶의 방식을 유지하고 있습니다.","사회복지시설 경비원으로 근무하며 거동이 불편한 어르신들의 상태를 빠르게 살피고 부축하며, 까다로운 민원인의 말을 묵묵히 들어주어 상황을 유연하게 진정시킵니다.","['시설 방문객 안내 및 응대', '거동 불편자 보행 보조', '단지 내 취약 지점 순찰', '민원인 감정 완화 소통']","해 질 녘 오동도 산책길을 천천히 걷거나, 거실 소파에 기대어 TV 프로그램을 보며 멍하게 시간을 보내는 순간을 아낍니다. 가끔 자녀들이 데려가는 동네 쌀국수 집에서 진한 국물 맛을 즐기기도 합니다.","['오동도 해안가 산책', 'TV 드라마 시청', '베트남 쌀국수 맛집 방문', '동네 친구들과의 전화 수다']","직급 상승이나 큰 성취보다는 지금처럼 건강하게 출근하며, 매달 들어오는 월급으로 자녀들에게 소소한 용돈을 챙겨줄 수 있는 평범한 일상의 유지를 바랍니다.",여자,69,배우자있음,비현역,자녀와 거주 (배우자 별거),다세대주택,중학교,해당없음,건물 경비원,전라남-여수시,전라남,대한민국
25bef294-f472-5eab-9b8f-4c0ae3b5156c,openrouter/openai/gpt-4o-mini,exhibition_appeal,2026-04,42,2.75,2026-04-28T21:24:54,25bef294-f472-5eab-9b8f-4c0ae3b5156c_openrouter_openai_gpt-4o-mini_20260428T212454.json,4,yes,1990년대 서울의 일상과 풍경을 담은 다양한 자료들,관람료가 다소 부담스러울 수 있음,"1990년대 서울은 제가 성장한 시기여서 개인적으로 큰 의미가 있는 주제입니다. 보도사진, 인터뷰 영상, 그리고 가족 앨범 등의 다양한 자료는 그 시절의 감성을 생생하게 느낄 수 있을 것 같아 기대됩니다. 다만, 관람료가 다소 부담스러울 수 있어서 친구들과 함께 가는 것이 좋을 것 같습니다.",b37adc16b18d4a7d8569bac2203108a3,"박예슬 씨는 테마파크 현장에서 몰려드는 인파와 예상치 못한 컴플레인을 유연하게 처리하며 하루를 보내고, 틈틈이 대기 줄의 효율을 높일 운영 기획안을 구상하는 야심을 품고 있습니다. 다만 업무 강도가 워낙 높아 퇴근길에는 완전히 방전된 상태로 멍하니 지하철에 몸을 맡기곤 합니다.",박예슬 씨는 따로 운동을 하기보다 테마파크의 넓은 부지를 하루 종일 뛰어다니며 강제적으로 활동량을 채우고 있습니다. 체력이 금방 바닥나는 편이라 휴일에는 침대와 한 몸이 되어 모바일 게임 원신의 세계를 탐험하며 에너지를 충전합니다.,박예슬 씨는 한남동의 감각적인 인테리어가 돋보이는 카페를 찾아다니며 디저트의 색감과 구도를 세심하게 사진으로 남기는 것을 즐깁니다. 시각적인 아름다움에 민감하며 모바일 게임 속 화려한 그래픽과 캐릭터 디자인을 감상하는 시간에서 예술적 만족을 느낍니다.,박예슬 씨는 친구들과 함께 지역마다 유명한 노포나 숨은 맛집 리스트를 꼼꼼히 작성해 떠나는 음식 관광에 진심입니다. 단순히 구경하는 여행보다는 그 지역에서만 맛볼 수 있는 특색 있는 메뉴를 직접 경험하고 기록하는 과정에 몰입합니다.,"박예슬 씨는 주말이면 지인들과 함께 두툼한 삼겹살에 된장찌개를 곁들인 한식당을 찾거나, 출출할 때 떡볶이와 튀김이 가득한 분식집에서 소소한 행복을 찾습니다. 배달 음식은 한 달에 한 번 정도만 시켜 먹으며 평소에는 부모님이 차려주시는 집밥의 온기를 누립니다.","박예슬 씨는 안양 만안구의 조용한 아파트에서 부모님과 함께 생활하며 정서적인 안정감을 얻고 서로를 살뜰히 챙깁니다. 가족과의 유대를 소중히 여기면서도, 한편으로는 온전히 자신만의 취향으로 채워진 독립적인 공간을 꿈꾸며 조금씩 자신만의 영역을 구축해 나갑니다.","박예슬 씨는 안양에 거주하며 테마파크 서비스직으로 근무하는 20대 후반 여성으로, 섬세한 고객 응대 능력과 외모 가꾸기, 그리고 모바일 게임이라는 확고한 취향을 가진 성실한 직장인입니다.","안양 만안구의 조용한 주거지에서 성장하며 예의와 성실함을 익혔고, 대학에서 서비스학을 전공하며 타인의 필요를 빠르게 읽어내는 감각을 키웠습니다. 부모님과 함께 거주하며 가족 간의 정서적 유대를 중요하게 여기면서도, 20대 후반으로서 자신만의 취향과 독립적인 사회적 관계를 구축하는 데 집중하고 있습니다.","테마파크의 혼잡한 현장에서 발생하는 돌발 상황에 당황하지 않고 유연하게 대처하며, 불만을 가진 방문객의 감정을 빠르게 진정시키는 능력이 탁월합니다. 다양한 연령층의 고객을 상대하며 쌓은 소통 기술 덕분에 상대방의 성향에 맞춰 대화 톤을 조절하는 데 능숙합니다.","['현장 고객 불만 즉각 해결 능력', '대규모 인파 동선 최적화 안내', '서비스 매뉴얼 기반의 유연한 응대', '다양한 연령대별 맞춤형 소통 기술']","주말이면 친구들과 성수동이나 한남동의 숨은 디저트 카페를 찾아다니며 사진을 찍고, 퇴근 후에는 침대에 누워 모바일 게임 '원신'을 플레이하며 하루의 긴장을 풉니다. 안양역 인근의 피부과나 네일숍을 정기적으로 방문해 외모를 가꾸는 시간에서 큰 정서적 만족감을 얻습니다.","['성수동 디저트 카페 투어', '모바일 게임 원신 플레이', '퍼스널 컬러 기반 메이크업 수정', '육즙 많은 두툼한 삼겹살 맛집 탐방']","단순한 현장 응대를 넘어 방문객의 전체적인 경험을 설계하는 테마파크 운영 기획자로 성장해, 대기 시간을 줄이는 효율적인 시스템을 도입하고 싶어 합니다. 다만, 업무 강도가 높은 서비스직의 특성상 때때로 찾아오는 심한 체력적 소모와 매너리즘을 극복해야 하는 과제를 안고 있습니다.",여자,28,미혼,비현역,부모와 동거,아파트,4년제 대학교,서비스,유원시설 및 테마파크 서비스원,경기-안양시 만안구,경기,대한민국
25bef294-f472-5eab-9b8f-4c0ae3b5156c,openrouter/qwen/qwen-2.5-72b-instruct,exhibition_appeal,2026-04,42,4.87,2026-04-28T21:24:59,25bef294-f472-5eab-9b8f-4c0ae3b5156c_openrouter_qwen_qwen-2.5-72b-instruct_20260428T212459.json,3,maybe,시민 자원자 인터뷰 영상,1990년대에 대한 개인적인 추억이 많지 않아 공감이 어려울 것 같음,"1990년대는 직접적인 추억이 많지 않지만, 시민들의 인터뷰를 통해 당시의 분위기를 엿볼 수 있을 것 같아 관심이 간다. 하지만, 당시의 문화와 사회 분위기를 잘 알지 못해 깊은 공감이 어려울 것 같아 망설여진다.",b37adc16b18d4a7d8569bac2203108a3,"박예슬 씨는 테마파크 현장에서 몰려드는 인파와 예상치 못한 컴플레인을 유연하게 처리하며 하루를 보내고, 틈틈이 대기 줄의 효율을 높일 운영 기획안을 구상하는 야심을 품고 있습니다. 다만 업무 강도가 워낙 높아 퇴근길에는 완전히 방전된 상태로 멍하니 지하철에 몸을 맡기곤 합니다.",박예슬 씨는 따로 운동을 하기보다 테마파크의 넓은 부지를 하루 종일 뛰어다니며 강제적으로 활동량을 채우고 있습니다. 체력이 금방 바닥나는 편이라 휴일에는 침대와 한 몸이 되어 모바일 게임 원신의 세계를 탐험하며 에너지를 충전합니다.,박예슬 씨는 한남동의 감각적인 인테리어가 돋보이는 카페를 찾아다니며 디저트의 색감과 구도를 세심하게 사진으로 남기는 것을 즐깁니다. 시각적인 아름다움에 민감하며 모바일 게임 속 화려한 그래픽과 캐릭터 디자인을 감상하는 시간에서 예술적 만족을 느낍니다.,박예슬 씨는 친구들과 함께 지역마다 유명한 노포나 숨은 맛집 리스트를 꼼꼼히 작성해 떠나는 음식 관광에 진심입니다. 단순히 구경하는 여행보다는 그 지역에서만 맛볼 수 있는 특색 있는 메뉴를 직접 경험하고 기록하는 과정에 몰입합니다.,"박예슬 씨는 주말이면 지인들과 함께 두툼한 삼겹살에 된장찌개를 곁들인 한식당을 찾거나, 출출할 때 떡볶이와 튀김이 가득한 분식집에서 소소한 행복을 찾습니다. 배달 음식은 한 달에 한 번 정도만 시켜 먹으며 평소에는 부모님이 차려주시는 집밥의 온기를 누립니다.","박예슬 씨는 안양 만안구의 조용한 아파트에서 부모님과 함께 생활하며 정서적인 안정감을 얻고 서로를 살뜰히 챙깁니다. 가족과의 유대를 소중히 여기면서도, 한편으로는 온전히 자신만의 취향으로 채워진 독립적인 공간을 꿈꾸며 조금씩 자신만의 영역을 구축해 나갑니다.","박예슬 씨는 안양에 거주하며 테마파크 서비스직으로 근무하는 20대 후반 여성으로, 섬세한 고객 응대 능력과 외모 가꾸기, 그리고 모바일 게임이라는 확고한 취향을 가진 성실한 직장인입니다.","안양 만안구의 조용한 주거지에서 성장하며 예의와 성실함을 익혔고, 대학에서 서비스학을 전공하며 타인의 필요를 빠르게 읽어내는 감각을 키웠습니다. 부모님과 함께 거주하며 가족 간의 정서적 유대를 중요하게 여기면서도, 20대 후반으로서 자신만의 취향과 독립적인 사회적 관계를 구축하는 데 집중하고 있습니다.","테마파크의 혼잡한 현장에서 발생하는 돌발 상황에 당황하지 않고 유연하게 대처하며, 불만을 가진 방문객의 감정을 빠르게 진정시키는 능력이 탁월합니다. 다양한 연령층의 고객을 상대하며 쌓은 소통 기술 덕분에 상대방의 성향에 맞춰 대화 톤을 조절하는 데 능숙합니다.","['현장 고객 불만 즉각 해결 능력', '대규모 인파 동선 최적화 안내', '서비스 매뉴얼 기반의 유연한 응대', '다양한 연령대별 맞춤형 소통 기술']","주말이면 친구들과 성수동이나 한남동의 숨은 디저트 카페를 찾아다니며 사진을 찍고, 퇴근 후에는 침대에 누워 모바일 게임 '원신'을 플레이하며 하루의 긴장을 풉니다. 안양역 인근의 피부과나 네일숍을 정기적으로 방문해 외모를 가꾸는 시간에서 큰 정서적 만족감을 얻습니다.","['성수동 디저트 카페 투어', '모바일 게임 원신 플레이', '퍼스널 컬러 기반 메이크업 수정', '육즙 많은 두툼한 삼겹살 맛집 탐방']","단순한 현장 응대를 넘어 방문객의 전체적인 경험을 설계하는 테마파크 운영 기획자로 성장해, 대기 시간을 줄이는 효율적인 시스템을 도입하고 싶어 합니다. 다만, 업무 강도가 높은 서비스직의 특성상 때때로 찾아오는 심한 체력적 소모와 매너리즘을 극복해야 하는 과제를 안고 있습니다.",여자,28,미혼,비현역,부모와 동거,아파트,4년제 대학교,서비스,유원시설 및 테마파크 서비스원,경기-안양시 만안구,경기,대한민국
25bef294-f472-5eab-9b8f-4c0ae3b5156c,openrouter/google/gemini-2.5-flash,exhibition_appeal,2026-04,42,2.004,2026-04-28T21:25:01,25bef294-f472-5eab-9b8f-4c0ae3b5156c_openrouter_google_gemini-2.5-flash_20260428T212501.json,3,maybe,시민 자원자 인터뷰 영상 12편 (각 5~10분),1990년대 서울 보도사진 100점,"솔직히 1990년대는 제가 태어나기 전이라 개인적인 경험이나 추억이 없어서 엄청 끌리지는 않아요. 부모님 세대 이야기 같아서 공감대가 형성될지는 잘 모르겠네요. 그래도 시민 인터뷰 영상이나 옛날 일기, 편지 같은 건 사람들의 삶을 엿볼 수 있어서 흥미로울 것 같아요. 다만 보도사진은 좀 딱딱하고 지루할 것 같아서 걱정되네요. 너무 옛날 사진들만 있으면 굳이 찾아갈 것 같지는 않아요.",b37adc16b18d4a7d8569bac2203108a3,"박예슬 씨는 테마파크 현장에서 몰려드는 인파와 예상치 못한 컴플레인을 유연하게 처리하며 하루를 보내고, 틈틈이 대기 줄의 효율을 높일 운영 기획안을 구상하는 야심을 품고 있습니다. 다만 업무 강도가 워낙 높아 퇴근길에는 완전히 방전된 상태로 멍하니 지하철에 몸을 맡기곤 합니다.",박예슬 씨는 따로 운동을 하기보다 테마파크의 넓은 부지를 하루 종일 뛰어다니며 강제적으로 활동량을 채우고 있습니다. 체력이 금방 바닥나는 편이라 휴일에는 침대와 한 몸이 되어 모바일 게임 원신의 세계를 탐험하며 에너지를 충전합니다.,박예슬 씨는 한남동의 감각적인 인테리어가 돋보이는 카페를 찾아다니며 디저트의 색감과 구도를 세심하게 사진으로 남기는 것을 즐깁니다. 시각적인 아름다움에 민감하며 모바일 게임 속 화려한 그래픽과 캐릭터 디자인을 감상하는 시간에서 예술적 만족을 느낍니다.,박예슬 씨는 친구들과 함께 지역마다 유명한 노포나 숨은 맛집 리스트를 꼼꼼히 작성해 떠나는 음식 관광에 진심입니다. 단순히 구경하는 여행보다는 그 지역에서만 맛볼 수 있는 특색 있는 메뉴를 직접 경험하고 기록하는 과정에 몰입합니다.,"박예슬 씨는 주말이면 지인들과 함께 두툼한 삼겹살에 된장찌개를 곁들인 한식당을 찾거나, 출출할 때 떡볶이와 튀김이 가득한 분식집에서 소소한 행복을 찾습니다. 배달 음식은 한 달에 한 번 정도만 시켜 먹으며 평소에는 부모님이 차려주시는 집밥의 온기를 누립니다.","박예슬 씨는 안양 만안구의 조용한 아파트에서 부모님과 함께 생활하며 정서적인 안정감을 얻고 서로를 살뜰히 챙깁니다. 가족과의 유대를 소중히 여기면서도, 한편으로는 온전히 자신만의 취향으로 채워진 독립적인 공간을 꿈꾸며 조금씩 자신만의 영역을 구축해 나갑니다.","박예슬 씨는 안양에 거주하며 테마파크 서비스직으로 근무하는 20대 후반 여성으로, 섬세한 고객 응대 능력과 외모 가꾸기, 그리고 모바일 게임이라는 확고한 취향을 가진 성실한 직장인입니다.","안양 만안구의 조용한 주거지에서 성장하며 예의와 성실함을 익혔고, 대학에서 서비스학을 전공하며 타인의 필요를 빠르게 읽어내는 감각을 키웠습니다. 부모님과 함께 거주하며 가족 간의 정서적 유대를 중요하게 여기면서도, 20대 후반으로서 자신만의 취향과 독립적인 사회적 관계를 구축하는 데 집중하고 있습니다.","테마파크의 혼잡한 현장에서 발생하는 돌발 상황에 당황하지 않고 유연하게 대처하며, 불만을 가진 방문객의 감정을 빠르게 진정시키는 능력이 탁월합니다. 다양한 연령층의 고객을 상대하며 쌓은 소통 기술 덕분에 상대방의 성향에 맞춰 대화 톤을 조절하는 데 능숙합니다.","['현장 고객 불만 즉각 해결 능력', '대규모 인파 동선 최적화 안내', '서비스 매뉴얼 기반의 유연한 응대', '다양한 연령대별 맞춤형 소통 기술']","주말이면 친구들과 성수동이나 한남동의 숨은 디저트 카페를 찾아다니며 사진을 찍고, 퇴근 후에는 침대에 누워 모바일 게임 '원신'을 플레이하며 하루의 긴장을 풉니다. 안양역 인근의 피부과나 네일숍을 정기적으로 방문해 외모를 가꾸는 시간에서 큰 정서적 만족감을 얻습니다.","['성수동 디저트 카페 투어', '모바일 게임 원신 플레이', '퍼스널 컬러 기반 메이크업 수정', '육즙 많은 두툼한 삼겹살 맛집 탐방']","단순한 현장 응대를 넘어 방문객의 전체적인 경험을 설계하는 테마파크 운영 기획자로 성장해, 대기 시간을 줄이는 효율적인 시스템을 도입하고 싶어 합니다. 다만, 업무 강도가 높은 서비스직의 특성상 때때로 찾아오는 심한 체력적 소모와 매너리즘을 극복해야 하는 과제를 안고 있습니다.",여자,28,미혼,비현역,부모와 동거,아파트,4년제 대학교,서비스,유원시설 및 테마파크 서비스원,경기-안양시 만안구,경기,대한민국
25bef294-f472-5eab-9b8f-4c0ae3b5156c,openrouter/anthropic/claude-haiku-4.5,exhibition_appeal,2026-04,42,3.974,2026-04-28T21:25:05,25bef294-f472-5eab-9b8f-4c0ae3b5156c_openrouter_anthropic_claude-haiku-4.5_20260428T212505.json,2,no,당시 시민들의 일상 사진과 인터뷰 영상,1990년대는 내가 태어나기도 전 시대라 개인적으로 와닿지 않음,"솔직히 1990년대 서울이라고 해도 내가 직접 겪지 않은 시대라서 그냥 '옛날 사진'으로만 느껴질 것 같아요. 요즘 유행하는 감성 있는 전시나 인스타그래ble한 공간이 아니라 역사 기록물 같은 느낌이고, 5000원을 내고 영상 보고 사진 보는 것도 뭔가 시간 낭비 같고. 차라리 그 시간에 한남동 카페 가서 디저트 사진 찍고 싶어요.",b37adc16b18d4a7d8569bac2203108a3,"박예슬 씨는 테마파크 현장에서 몰려드는 인파와 예상치 못한 컴플레인을 유연하게 처리하며 하루를 보내고, 틈틈이 대기 줄의 효율을 높일 운영 기획안을 구상하는 야심을 품고 있습니다. 다만 업무 강도가 워낙 높아 퇴근길에는 완전히 방전된 상태로 멍하니 지하철에 몸을 맡기곤 합니다.",박예슬 씨는 따로 운동을 하기보다 테마파크의 넓은 부지를 하루 종일 뛰어다니며 강제적으로 활동량을 채우고 있습니다. 체력이 금방 바닥나는 편이라 휴일에는 침대와 한 몸이 되어 모바일 게임 원신의 세계를 탐험하며 에너지를 충전합니다.,박예슬 씨는 한남동의 감각적인 인테리어가 돋보이는 카페를 찾아다니며 디저트의 색감과 구도를 세심하게 사진으로 남기는 것을 즐깁니다. 시각적인 아름다움에 민감하며 모바일 게임 속 화려한 그래픽과 캐릭터 디자인을 감상하는 시간에서 예술적 만족을 느낍니다.,박예슬 씨는 친구들과 함께 지역마다 유명한 노포나 숨은 맛집 리스트를 꼼꼼히 작성해 떠나는 음식 관광에 진심입니다. 단순히 구경하는 여행보다는 그 지역에서만 맛볼 수 있는 특색 있는 메뉴를 직접 경험하고 기록하는 과정에 몰입합니다.,"박예슬 씨는 주말이면 지인들과 함께 두툼한 삼겹살에 된장찌개를 곁들인 한식당을 찾거나, 출출할 때 떡볶이와 튀김이 가득한 분식집에서 소소한 행복을 찾습니다. 배달 음식은 한 달에 한 번 정도만 시켜 먹으며 평소에는 부모님이 차려주시는 집밥의 온기를 누립니다.","박예슬 씨는 안양 만안구의 조용한 아파트에서 부모님과 함께 생활하며 정서적인 안정감을 얻고 서로를 살뜰히 챙깁니다. 가족과의 유대를 소중히 여기면서도, 한편으로는 온전히 자신만의 취향으로 채워진 독립적인 공간을 꿈꾸며 조금씩 자신만의 영역을 구축해 나갑니다.","박예슬 씨는 안양에 거주하며 테마파크 서비스직으로 근무하는 20대 후반 여성으로, 섬세한 고객 응대 능력과 외모 가꾸기, 그리고 모바일 게임이라는 확고한 취향을 가진 성실한 직장인입니다.","안양 만안구의 조용한 주거지에서 성장하며 예의와 성실함을 익혔고, 대학에서 서비스학을 전공하며 타인의 필요를 빠르게 읽어내는 감각을 키웠습니다. 부모님과 함께 거주하며 가족 간의 정서적 유대를 중요하게 여기면서도, 20대 후반으로서 자신만의 취향과 독립적인 사회적 관계를 구축하는 데 집중하고 있습니다.","테마파크의 혼잡한 현장에서 발생하는 돌발 상황에 당황하지 않고 유연하게 대처하며, 불만을 가진 방문객의 감정을 빠르게 진정시키는 능력이 탁월합니다. 다양한 연령층의 고객을 상대하며 쌓은 소통 기술 덕분에 상대방의 성향에 맞춰 대화 톤을 조절하는 데 능숙합니다.","['현장 고객 불만 즉각 해결 능력', '대규모 인파 동선 최적화 안내', '서비스 매뉴얼 기반의 유연한 응대', '다양한 연령대별 맞춤형 소통 기술']","주말이면 친구들과 성수동이나 한남동의 숨은 디저트 카페를 찾아다니며 사진을 찍고, 퇴근 후에는 침대에 누워 모바일 게임 '원신'을 플레이하며 하루의 긴장을 풉니다. 안양역 인근의 피부과나 네일숍을 정기적으로 방문해 외모를 가꾸는 시간에서 큰 정서적 만족감을 얻습니다.","['성수동 디저트 카페 투어', '모바일 게임 원신 플레이', '퍼스널 컬러 기반 메이크업 수정', '육즙 많은 두툼한 삼겹살 맛집 탐방']","단순한 현장 응대를 넘어 방문객의 전체적인 경험을 설계하는 테마파크 운영 기획자로 성장해, 대기 시간을 줄이는 효율적인 시스템을 도입하고 싶어 합니다. 다만, 업무 강도가 높은 서비스직의 특성상 때때로 찾아오는 심한 체력적 소모와 매너리즘을 극복해야 하는 과제를 안고 있습니다.",여자,28,미혼,비현역,부모와 동거,아파트,4년제 대학교,서비스,유원시설 및 테마파크 서비스원,경기-안양시 만안구,경기,대한민국
25bef294-f472-5eab-9b8f-4c0ae3b5156c,openrouter/openai/gpt-5-mini,exhibition_appeal,2026-04,42,17.603,2026-04-28T21:25:23,25bef294-f472-5eab-9b8f-4c0ae3b5156c_openrouter_openai_gpt-5-mini_20260428T212523.json,4,maybe,가족 앨범 공모로 모은 시민 사진 50점,인터뷰 영상·텍스트 중심이면 시각적 볼거리가 부족해 퇴근 후 보기 부담스럽고 사진 촬영 제한 시 기록 욕구가 못 채워짐,"보도사진과 시민 앨범처럼 생생한 개인 기록은 평소에 카페·디저트 사진 찍고 색감에 민감한 제 취향에 잘 맞아 흥미롭습니다. 지하철 노선·지도 비교는 도시 변화를 체감하기 좋아요. 다만 인터뷰 영상과 설명이 많아 체류 시간이 길어지고, 퇴근 후 피곤한 날엔 집중하기 어렵습니다. 또한 사진 촬영이 막히면 인상적인 장면을 남기기 어려워 아쉬울 것 같아요. 관람료 자체는 부담 없지만 서울 이동 시간을 고려하면 주말에 친구와 연계해 가고 싶습니다.",b37adc16b18d4a7d8569bac2203108a3,"박예슬 씨는 테마파크 현장에서 몰려드는 인파와 예상치 못한 컴플레인을 유연하게 처리하며 하루를 보내고, 틈틈이 대기 줄의 효율을 높일 운영 기획안을 구상하는 야심을 품고 있습니다. 다만 업무 강도가 워낙 높아 퇴근길에는 완전히 방전된 상태로 멍하니 지하철에 몸을 맡기곤 합니다.",박예슬 씨는 따로 운동을 하기보다 테마파크의 넓은 부지를 하루 종일 뛰어다니며 강제적으로 활동량을 채우고 있습니다. 체력이 금방 바닥나는 편이라 휴일에는 침대와 한 몸이 되어 모바일 게임 원신의 세계를 탐험하며 에너지를 충전합니다.,박예슬 씨는 한남동의 감각적인 인테리어가 돋보이는 카페를 찾아다니며 디저트의 색감과 구도를 세심하게 사진으로 남기는 것을 즐깁니다. 시각적인 아름다움에 민감하며 모바일 게임 속 화려한 그래픽과 캐릭터 디자인을 감상하는 시간에서 예술적 만족을 느낍니다.,박예슬 씨는 친구들과 함께 지역마다 유명한 노포나 숨은 맛집 리스트를 꼼꼼히 작성해 떠나는 음식 관광에 진심입니다. 단순히 구경하는 여행보다는 그 지역에서만 맛볼 수 있는 특색 있는 메뉴를 직접 경험하고 기록하는 과정에 몰입합니다.,"박예슬 씨는 주말이면 지인들과 함께 두툼한 삼겹살에 된장찌개를 곁들인 한식당을 찾거나, 출출할 때 떡볶이와 튀김이 가득한 분식집에서 소소한 행복을 찾습니다. 배달 음식은 한 달에 한 번 정도만 시켜 먹으며 평소에는 부모님이 차려주시는 집밥의 온기를 누립니다.","박예슬 씨는 안양 만안구의 조용한 아파트에서 부모님과 함께 생활하며 정서적인 안정감을 얻고 서로를 살뜰히 챙깁니다. 가족과의 유대를 소중히 여기면서도, 한편으로는 온전히 자신만의 취향으로 채워진 독립적인 공간을 꿈꾸며 조금씩 자신만의 영역을 구축해 나갑니다.","박예슬 씨는 안양에 거주하며 테마파크 서비스직으로 근무하는 20대 후반 여성으로, 섬세한 고객 응대 능력과 외모 가꾸기, 그리고 모바일 게임이라는 확고한 취향을 가진 성실한 직장인입니다.","안양 만안구의 조용한 주거지에서 성장하며 예의와 성실함을 익혔고, 대학에서 서비스학을 전공하며 타인의 필요를 빠르게 읽어내는 감각을 키웠습니다. 부모님과 함께 거주하며 가족 간의 정서적 유대를 중요하게 여기면서도, 20대 후반으로서 자신만의 취향과 독립적인 사회적 관계를 구축하는 데 집중하고 있습니다.","테마파크의 혼잡한 현장에서 발생하는 돌발 상황에 당황하지 않고 유연하게 대처하며, 불만을 가진 방문객의 감정을 빠르게 진정시키는 능력이 탁월합니다. 다양한 연령층의 고객을 상대하며 쌓은 소통 기술 덕분에 상대방의 성향에 맞춰 대화 톤을 조절하는 데 능숙합니다.","['현장 고객 불만 즉각 해결 능력', '대규모 인파 동선 최적화 안내', '서비스 매뉴얼 기반의 유연한 응대', '다양한 연령대별 맞춤형 소통 기술']","주말이면 친구들과 성수동이나 한남동의 숨은 디저트 카페를 찾아다니며 사진을 찍고, 퇴근 후에는 침대에 누워 모바일 게임 '원신'을 플레이하며 하루의 긴장을 풉니다. 안양역 인근의 피부과나 네일숍을 정기적으로 방문해 외모를 가꾸는 시간에서 큰 정서적 만족감을 얻습니다.","['성수동 디저트 카페 투어', '모바일 게임 원신 플레이', '퍼스널 컬러 기반 메이크업 수정', '육즙 많은 두툼한 삼겹살 맛집 탐방']","단순한 현장 응대를 넘어 방문객의 전체적인 경험을 설계하는 테마파크 운영 기획자로 성장해, 대기 시간을 줄이는 효율적인 시스템을 도입하고 싶어 합니다. 다만, 업무 강도가 높은 서비스직의 특성상 때때로 찾아오는 심한 체력적 소모와 매너리즘을 극복해야 하는 과제를 안고 있습니다.",여자,28,미혼,비현역,부모와 동거,아파트,4년제 대학교,서비스,유원시설 및 테마파크 서비스원,경기-안양시 만안구,경기,대한민국
7f88d006-d4cc-5f10-86dd-103f16696807,openrouter/openai/gpt-4o-mini,exhibition_appeal,2026-04,42,5.329,2026-04-28T21:25:28,7f88d006-d4cc-5f10-86dd-103f16696807_openrouter_openai_gpt-4o-mini_20260428T212528.json,4,yes,1990년대 서울의 보통 사람들의 시선으로 도시를 되짚어보는 점,전시 내용이 너무 추상적이지 않을까 하는 우려,"1990년대 서울은 제 청년 시절과 겹치는 시기라서 개인적으로 많은 관심이 가는 주제입니다. 보도사진과 시민 인터뷰 영상을 통해 그 시절의 다양한 이야기를 듣고 싶고, 나와 비슷한 사람들의 경험을 공유할 수 있을 것 같아 기대됩니다. 그러나 사진이나 영상의 해석이 너무 어렵거나 복잡하면 오히려 흥미를 잃을까 걱정됩니다.",9a83ef0cf0674e168282e4c2c0350541,"김준희 씨는 무안군청 인근의 부동산 시세 흐름을 훤히 꿰뚫고 있으며, 임대 관리 대장을 1원 한 장 틀리지 않게 기록하는 꼼꼼함으로 세입자들 사이에서 신뢰가 두텁습니다. 김준희 씨는 남악신도시의 복잡한 권리 관계를 매끄럽게 조율하며 은퇴 후에도 자신의 전문적인 관리 능력을 유지하는 것에 큰 자부심을 느낍니다.",김준희 씨는 주말 오후면 무안 황토갯벌랜드의 산책로를 아내와 함께 느릿한 걸음으로 걸으며 갯벌의 풍경을 감상합니다. 김준희 씨는 가끔 동네 친구들과 배드민턴 채를 잡고 땀을 흘리며 일상의 스트레스를 털어내기도 합니다.,김준희 씨는 거실 소파에 깊숙이 파묻혀 유튜브로 임영웅이나 이찬원 같은 트로트 가수의 무대 영상을 무한 반복해서 시청합니다. 김준희 씨는 화려한 무대 의상과 애절한 꺾기 창법에 몰입하며 잠시나마 일상의 단조로움을 잊습니다.,김준희 씨는 아내의 손을 잡고 전국의 유명한 온천 지역을 찾아다니며 뜨끈한 물에 몸을 담그고 피로를 푸는 휴양 여행을 즐깁니다. 김준희 씨는 복잡한 관광지보다는 조용한 숙소에서 가족들과 도란도란 이야기를 나누는 시간을 가장 소중하게 여깁니다.,"김준희 씨는 일주일에 대여섯 번은 집 밖에서 식사를 하며, 특히 나물 반찬이 정갈하게 나오는 한정식집이나 기름진 짜장면과 짬뽕이 있는 중식당을 자주 찾습니다. 김준희 씨는 배달 음식의 번거로움보다는 직접 식당에 가서 주인과 안부를 나누며 식사하는 정겨운 분위기를 좋아합니다.","김준희 씨는 평생을 함께한 아내와 남악신도시 아파트에서 오붓하게 지내며, 사소한 일로 티격태격하면서도 여행지에서는 서로의 짐을 챙겨주는 다정한 사이입니다. 김준희 씨는 아내와 함께 걷는 산책길에서 나누는 소박한 대화를 통해 삶의 가장 큰 위안을 얻습니다.","김준희 씨는 남악신도시에서 꼼꼼한 임대 관리로 신뢰받는 사무 보조원이자, 트로트와 온천 여행을 사랑하는 다정하고 사교적인 60대 가장입니다.","무안 갯벌의 짠내와 전남 특유의 넉넉한 인심 속에서 성장했으며, 현재는 남악신도시의 아파트 단지에서 정돈된 생활을 하며 지역 사회의 크고 작은 모임에 빠지지 않고 얼굴을 비춥니다.","임대 관리 대장을 꼼꼼히 정리해 미납금 하나 없이 운영하며, 무안군청 주변의 부동산 시세 흐름을 꿰뚫고 있어 세입자들과의 계약 조율을 매끄럽게 처리합니다.","['임대 계약서 작성 및 체계적 관리', '무안 지역 부동산 매물 및 시세 분석', '다양한 연령대 세입자 민원 응대', '엑셀을 활용한 기초 임대료 회계 정리']","주말이면 아내와 함께 무안 황토갯벌랜드 산책로를 천천히 걷고, 저녁에는 유튜브로 최신 트로트 무대 영상을 찾아보며 다음 가족 여행지로 갈 만한 온천 지역을 검색합니다.","['무안 황토갯벌랜드 산책 및 자연 감상', '유튜브 트로트 가요제 영상 시청', '지역 배드민턴 클럽 정기 모임 참여', '가족과 함께하는 전국 유명 온천 여행']","현재 운영 중인 임대 사업의 관리 체계를 더 효율적으로 다듬어, 아내와 함께하는 노후 생활이 경제적 불안함 없이 평온하게 유지되기를 바랍니다.",남자,64,배우자있음,비현역,배우자와 거주,아파트,고등학교,해당없음,사무 보조원,전라남-무안군,전라남,대한민국
7f88d006-d4cc-5f10-86dd-103f16696807,openrouter/qwen/qwen-2.5-72b-instruct,exhibition_appeal,2026-04,42,5.916,2026-04-28T21:25:34,7f88d006-d4cc-5f10-86dd-103f16696807_openrouter_qwen_qwen-2.5-72b-instruct_20260428T212534.json,3,maybe,1990년대 서울의 보도사진 100점,서울까지 가는 시간과 비용,"1990년대 서울의 모습을 사진으로 볼 수 있다는 점이 흥미롭지만, 무안에서 서울까지 가는 데 많은 시간과 비용이 들 것 같아 부담스럽다. 아내와 함께 가도 좋을 것 같은데, 나이가 들었으니 긴 여행은 피로할 수도 있어 고민이다.",9a83ef0cf0674e168282e4c2c0350541,"김준희 씨는 무안군청 인근의 부동산 시세 흐름을 훤히 꿰뚫고 있으며, 임대 관리 대장을 1원 한 장 틀리지 않게 기록하는 꼼꼼함으로 세입자들 사이에서 신뢰가 두텁습니다. 김준희 씨는 남악신도시의 복잡한 권리 관계를 매끄럽게 조율하며 은퇴 후에도 자신의 전문적인 관리 능력을 유지하는 것에 큰 자부심을 느낍니다.",김준희 씨는 주말 오후면 무안 황토갯벌랜드의 산책로를 아내와 함께 느릿한 걸음으로 걸으며 갯벌의 풍경을 감상합니다. 김준희 씨는 가끔 동네 친구들과 배드민턴 채를 잡고 땀을 흘리며 일상의 스트레스를 털어내기도 합니다.,김준희 씨는 거실 소파에 깊숙이 파묻혀 유튜브로 임영웅이나 이찬원 같은 트로트 가수의 무대 영상을 무한 반복해서 시청합니다. 김준희 씨는 화려한 무대 의상과 애절한 꺾기 창법에 몰입하며 잠시나마 일상의 단조로움을 잊습니다.,김준희 씨는 아내의 손을 잡고 전국의 유명한 온천 지역을 찾아다니며 뜨끈한 물에 몸을 담그고 피로를 푸는 휴양 여행을 즐깁니다. 김준희 씨는 복잡한 관광지보다는 조용한 숙소에서 가족들과 도란도란 이야기를 나누는 시간을 가장 소중하게 여깁니다.,"김준희 씨는 일주일에 대여섯 번은 집 밖에서 식사를 하며, 특히 나물 반찬이 정갈하게 나오는 한정식집이나 기름진 짜장면과 짬뽕이 있는 중식당을 자주 찾습니다. 김준희 씨는 배달 음식의 번거로움보다는 직접 식당에 가서 주인과 안부를 나누며 식사하는 정겨운 분위기를 좋아합니다.","김준희 씨는 평생을 함께한 아내와 남악신도시 아파트에서 오붓하게 지내며, 사소한 일로 티격태격하면서도 여행지에서는 서로의 짐을 챙겨주는 다정한 사이입니다. 김준희 씨는 아내와 함께 걷는 산책길에서 나누는 소박한 대화를 통해 삶의 가장 큰 위안을 얻습니다.","김준희 씨는 남악신도시에서 꼼꼼한 임대 관리로 신뢰받는 사무 보조원이자, 트로트와 온천 여행을 사랑하는 다정하고 사교적인 60대 가장입니다.","무안 갯벌의 짠내와 전남 특유의 넉넉한 인심 속에서 성장했으며, 현재는 남악신도시의 아파트 단지에서 정돈된 생활을 하며 지역 사회의 크고 작은 모임에 빠지지 않고 얼굴을 비춥니다.","임대 관리 대장을 꼼꼼히 정리해 미납금 하나 없이 운영하며, 무안군청 주변의 부동산 시세 흐름을 꿰뚫고 있어 세입자들과의 계약 조율을 매끄럽게 처리합니다.","['임대 계약서 작성 및 체계적 관리', '무안 지역 부동산 매물 및 시세 분석', '다양한 연령대 세입자 민원 응대', '엑셀을 활용한 기초 임대료 회계 정리']","주말이면 아내와 함께 무안 황토갯벌랜드 산책로를 천천히 걷고, 저녁에는 유튜브로 최신 트로트 무대 영상을 찾아보며 다음 가족 여행지로 갈 만한 온천 지역을 검색합니다.","['무안 황토갯벌랜드 산책 및 자연 감상', '유튜브 트로트 가요제 영상 시청', '지역 배드민턴 클럽 정기 모임 참여', '가족과 함께하는 전국 유명 온천 여행']","현재 운영 중인 임대 사업의 관리 체계를 더 효율적으로 다듬어, 아내와 함께하는 노후 생활이 경제적 불안함 없이 평온하게 유지되기를 바랍니다.",남자,64,배우자있음,비현역,배우자와 거주,아파트,고등학교,해당없음,사무 보조원,전라남-무안군,전라남,대한민국
7f88d006-d4cc-5f10-86dd-103f16696807,openrouter/google/gemini-2.5-flash,exhibition_appeal,2026-04,42,2.201,2026-04-28T21:25:36,7f88d006-d4cc-5f10-86dd-103f16696807_openrouter_google_gemini-2.5-flash_20260428T212536.json,3,maybe,1990년대 서울 보도사진 100점,인터뷰 영상이 너무 길면 지루할 것 같음,1990년대는 내가 젊었을 때라 그때 서울 풍경을 사진으로 다시 보는 건 좋겠어. 무안에 살지만 서울에 살던 친구들도 많아서 그때 이야기도 해줄 수 있을 것 같고. 그런데 인터뷰 영상은 너무 길면 발 아프고 지루해서 끝까지 보기가 힘들더라고. 그리고 5천 원은 좀 비싼 감이 있네. 옛날 물가를 생각하면.,9a83ef0cf0674e168282e4c2c0350541,"김준희 씨는 무안군청 인근의 부동산 시세 흐름을 훤히 꿰뚫고 있으며, 임대 관리 대장을 1원 한 장 틀리지 않게 기록하는 꼼꼼함으로 세입자들 사이에서 신뢰가 두텁습니다. 김준희 씨는 남악신도시의 복잡한 권리 관계를 매끄럽게 조율하며 은퇴 후에도 자신의 전문적인 관리 능력을 유지하는 것에 큰 자부심을 느낍니다.",김준희 씨는 주말 오후면 무안 황토갯벌랜드의 산책로를 아내와 함께 느릿한 걸음으로 걸으며 갯벌의 풍경을 감상합니다. 김준희 씨는 가끔 동네 친구들과 배드민턴 채를 잡고 땀을 흘리며 일상의 스트레스를 털어내기도 합니다.,김준희 씨는 거실 소파에 깊숙이 파묻혀 유튜브로 임영웅이나 이찬원 같은 트로트 가수의 무대 영상을 무한 반복해서 시청합니다. 김준희 씨는 화려한 무대 의상과 애절한 꺾기 창법에 몰입하며 잠시나마 일상의 단조로움을 잊습니다.,김준희 씨는 아내의 손을 잡고 전국의 유명한 온천 지역을 찾아다니며 뜨끈한 물에 몸을 담그고 피로를 푸는 휴양 여행을 즐깁니다. 김준희 씨는 복잡한 관광지보다는 조용한 숙소에서 가족들과 도란도란 이야기를 나누는 시간을 가장 소중하게 여깁니다.,"김준희 씨는 일주일에 대여섯 번은 집 밖에서 식사를 하며, 특히 나물 반찬이 정갈하게 나오는 한정식집이나 기름진 짜장면과 짬뽕이 있는 중식당을 자주 찾습니다. 김준희 씨는 배달 음식의 번거로움보다는 직접 식당에 가서 주인과 안부를 나누며 식사하는 정겨운 분위기를 좋아합니다.","김준희 씨는 평생을 함께한 아내와 남악신도시 아파트에서 오붓하게 지내며, 사소한 일로 티격태격하면서도 여행지에서는 서로의 짐을 챙겨주는 다정한 사이입니다. 김준희 씨는 아내와 함께 걷는 산책길에서 나누는 소박한 대화를 통해 삶의 가장 큰 위안을 얻습니다.","김준희 씨는 남악신도시에서 꼼꼼한 임대 관리로 신뢰받는 사무 보조원이자, 트로트와 온천 여행을 사랑하는 다정하고 사교적인 60대 가장입니다.","무안 갯벌의 짠내와 전남 특유의 넉넉한 인심 속에서 성장했으며, 현재는 남악신도시의 아파트 단지에서 정돈된 생활을 하며 지역 사회의 크고 작은 모임에 빠지지 않고 얼굴을 비춥니다.","임대 관리 대장을 꼼꼼히 정리해 미납금 하나 없이 운영하며, 무안군청 주변의 부동산 시세 흐름을 꿰뚫고 있어 세입자들과의 계약 조율을 매끄럽게 처리합니다.","['임대 계약서 작성 및 체계적 관리', '무안 지역 부동산 매물 및 시세 분석', '다양한 연령대 세입자 민원 응대', '엑셀을 활용한 기초 임대료 회계 정리']","주말이면 아내와 함께 무안 황토갯벌랜드 산책로를 천천히 걷고, 저녁에는 유튜브로 최신 트로트 무대 영상을 찾아보며 다음 가족 여행지로 갈 만한 온천 지역을 검색합니다.","['무안 황토갯벌랜드 산책 및 자연 감상', '유튜브 트로트 가요제 영상 시청', '지역 배드민턴 클럽 정기 모임 참여', '가족과 함께하는 전국 유명 온천 여행']","현재 운영 중인 임대 사업의 관리 체계를 더 효율적으로 다듬어, 아내와 함께하는 노후 생활이 경제적 불안함 없이 평온하게 유지되기를 바랍니다.",남자,64,배우자있음,비현역,배우자와 거주,아파트,고등학교,해당없음,사무 보조원,전라남-무안군,전라남,대한민국
7f88d006-d4cc-5f10-86dd-103f16696807,openrouter/anthropic/claude-haiku-4.5,exhibition_appeal,2026-04,42,6.305,2026-04-28T21:25:43,7f88d006-d4cc-5f10-86dd-103f16696807_openrouter_anthropic_claude-haiku-4.5_20260428T212543.json,2,no,당시 일기·편지·우편엽서 같은 실제 사료,"서울 중심 전시라 무안에서 가기 너무 멀고, 1990년대 서울이 내 인생과는 별로 상관없다는 느낌","솔직히 90년대 서울 얘기는 내 세대에겐 너무 먼 얘기 같아요. 그때 나는 전라남도에서 다른 일을 하고 있었고, 서울 도시 풍경이 내 삶과 무슨 상관이 있겠나 싶어요. 게다가 서울시립미술관까지 가려면 시간도 오래 걸리고, 아내와 함께 가기엔 여행이나 온천 같은 게 훨씬 낫지 않을까 생각합니다. 5천 원이 아깝다기보다는 왕복 교통비와 시간이 더 아깝다는 생각이 드네요.",9a83ef0cf0674e168282e4c2c0350541,"김준희 씨는 무안군청 인근의 부동산 시세 흐름을 훤히 꿰뚫고 있으며, 임대 관리 대장을 1원 한 장 틀리지 않게 기록하는 꼼꼼함으로 세입자들 사이에서 신뢰가 두텁습니다. 김준희 씨는 남악신도시의 복잡한 권리 관계를 매끄럽게 조율하며 은퇴 후에도 자신의 전문적인 관리 능력을 유지하는 것에 큰 자부심을 느낍니다.",김준희 씨는 주말 오후면 무안 황토갯벌랜드의 산책로를 아내와 함께 느릿한 걸음으로 걸으며 갯벌의 풍경을 감상합니다. 김준희 씨는 가끔 동네 친구들과 배드민턴 채를 잡고 땀을 흘리며 일상의 스트레스를 털어내기도 합니다.,김준희 씨는 거실 소파에 깊숙이 파묻혀 유튜브로 임영웅이나 이찬원 같은 트로트 가수의 무대 영상을 무한 반복해서 시청합니다. 김준희 씨는 화려한 무대 의상과 애절한 꺾기 창법에 몰입하며 잠시나마 일상의 단조로움을 잊습니다.,김준희 씨는 아내의 손을 잡고 전국의 유명한 온천 지역을 찾아다니며 뜨끈한 물에 몸을 담그고 피로를 푸는 휴양 여행을 즐깁니다. 김준희 씨는 복잡한 관광지보다는 조용한 숙소에서 가족들과 도란도란 이야기를 나누는 시간을 가장 소중하게 여깁니다.,"김준희 씨는 일주일에 대여섯 번은 집 밖에서 식사를 하며, 특히 나물 반찬이 정갈하게 나오는 한정식집이나 기름진 짜장면과 짬뽕이 있는 중식당을 자주 찾습니다. 김준희 씨는 배달 음식의 번거로움보다는 직접 식당에 가서 주인과 안부를 나누며 식사하는 정겨운 분위기를 좋아합니다.","김준희 씨는 평생을 함께한 아내와 남악신도시 아파트에서 오붓하게 지내며, 사소한 일로 티격태격하면서도 여행지에서는 서로의 짐을 챙겨주는 다정한 사이입니다. 김준희 씨는 아내와 함께 걷는 산책길에서 나누는 소박한 대화를 통해 삶의 가장 큰 위안을 얻습니다.","김준희 씨는 남악신도시에서 꼼꼼한 임대 관리로 신뢰받는 사무 보조원이자, 트로트와 온천 여행을 사랑하는 다정하고 사교적인 60대 가장입니다.","무안 갯벌의 짠내와 전남 특유의 넉넉한 인심 속에서 성장했으며, 현재는 남악신도시의 아파트 단지에서 정돈된 생활을 하며 지역 사회의 크고 작은 모임에 빠지지 않고 얼굴을 비춥니다.","임대 관리 대장을 꼼꼼히 정리해 미납금 하나 없이 운영하며, 무안군청 주변의 부동산 시세 흐름을 꿰뚫고 있어 세입자들과의 계약 조율을 매끄럽게 처리합니다.","['임대 계약서 작성 및 체계적 관리', '무안 지역 부동산 매물 및 시세 분석', '다양한 연령대 세입자 민원 응대', '엑셀을 활용한 기초 임대료 회계 정리']","주말이면 아내와 함께 무안 황토갯벌랜드 산책로를 천천히 걷고, 저녁에는 유튜브로 최신 트로트 무대 영상을 찾아보며 다음 가족 여행지로 갈 만한 온천 지역을 검색합니다.","['무안 황토갯벌랜드 산책 및 자연 감상', '유튜브 트로트 가요제 영상 시청', '지역 배드민턴 클럽 정기 모임 참여', '가족과 함께하는 전국 유명 온천 여행']","현재 운영 중인 임대 사업의 관리 체계를 더 효율적으로 다듬어, 아내와 함께하는 노후 생활이 경제적 불안함 없이 평온하게 유지되기를 바랍니다.",남자,64,배우자있음,비현역,배우자와 거주,아파트,고등학교,해당없음,사무 보조원,전라남-무안군,전라남,대한민국
7f88d006-d4cc-5f10-86dd-103f16696807,openrouter/openai/gpt-5-mini,exhibition_appeal,2026-04,42,21.171,2026-04-28T21:26:04,7f88d006-d4cc-5f10-86dd-103f16696807_openrouter_openai_gpt-5-mini_20260428T212604.json,3,maybe,가족 앨범 공모로 모은 시민 사진 50점,무안에서 서울까지의 이동 시간과 교통비 등 실제 관람 여건,"90년대 생활상을 개인 기록으로 엮었다는 점은 제 세대에게 친근하고 흥미롭습니다. 특히 시민들이 공모로 모은 가족 사진이나 일기·편지 같은 사적 자료는 당시의 숨결을 느끼게 해 보고 싶어요. 다만 무안에서 서울까지 오가는 시간과 교통비를 생각하면 실제 방문은 망설여집니다. 전시가 서울 중심이면 지방 사람인 제 경험과 공감대가 적을까 걱정되고, 관람료 5,000원 자체는 부담이 아니지만 왕복 비용과 경우에 따라 숙박까지 고려하면 계획을 세워야 합니다.",9a83ef0cf0674e168282e4c2c0350541,"김준희 씨는 무안군청 인근의 부동산 시세 흐름을 훤히 꿰뚫고 있으며, 임대 관리 대장을 1원 한 장 틀리지 않게 기록하는 꼼꼼함으로 세입자들 사이에서 신뢰가 두텁습니다. 김준희 씨는 남악신도시의 복잡한 권리 관계를 매끄럽게 조율하며 은퇴 후에도 자신의 전문적인 관리 능력을 유지하는 것에 큰 자부심을 느낍니다.",김준희 씨는 주말 오후면 무안 황토갯벌랜드의 산책로를 아내와 함께 느릿한 걸음으로 걸으며 갯벌의 풍경을 감상합니다. 김준희 씨는 가끔 동네 친구들과 배드민턴 채를 잡고 땀을 흘리며 일상의 스트레스를 털어내기도 합니다.,김준희 씨는 거실 소파에 깊숙이 파묻혀 유튜브로 임영웅이나 이찬원 같은 트로트 가수의 무대 영상을 무한 반복해서 시청합니다. 김준희 씨는 화려한 무대 의상과 애절한 꺾기 창법에 몰입하며 잠시나마 일상의 단조로움을 잊습니다.,김준희 씨는 아내의 손을 잡고 전국의 유명한 온천 지역을 찾아다니며 뜨끈한 물에 몸을 담그고 피로를 푸는 휴양 여행을 즐깁니다. 김준희 씨는 복잡한 관광지보다는 조용한 숙소에서 가족들과 도란도란 이야기를 나누는 시간을 가장 소중하게 여깁니다.,"김준희 씨는 일주일에 대여섯 번은 집 밖에서 식사를 하며, 특히 나물 반찬이 정갈하게 나오는 한정식집이나 기름진 짜장면과 짬뽕이 있는 중식당을 자주 찾습니다. 김준희 씨는 배달 음식의 번거로움보다는 직접 식당에 가서 주인과 안부를 나누며 식사하는 정겨운 분위기를 좋아합니다.","김준희 씨는 평생을 함께한 아내와 남악신도시 아파트에서 오붓하게 지내며, 사소한 일로 티격태격하면서도 여행지에서는 서로의 짐을 챙겨주는 다정한 사이입니다. 김준희 씨는 아내와 함께 걷는 산책길에서 나누는 소박한 대화를 통해 삶의 가장 큰 위안을 얻습니다.","김준희 씨는 남악신도시에서 꼼꼼한 임대 관리로 신뢰받는 사무 보조원이자, 트로트와 온천 여행을 사랑하는 다정하고 사교적인 60대 가장입니다.","무안 갯벌의 짠내와 전남 특유의 넉넉한 인심 속에서 성장했으며, 현재는 남악신도시의 아파트 단지에서 정돈된 생활을 하며 지역 사회의 크고 작은 모임에 빠지지 않고 얼굴을 비춥니다.","임대 관리 대장을 꼼꼼히 정리해 미납금 하나 없이 운영하며, 무안군청 주변의 부동산 시세 흐름을 꿰뚫고 있어 세입자들과의 계약 조율을 매끄럽게 처리합니다.","['임대 계약서 작성 및 체계적 관리', '무안 지역 부동산 매물 및 시세 분석', '다양한 연령대 세입자 민원 응대', '엑셀을 활용한 기초 임대료 회계 정리']","주말이면 아내와 함께 무안 황토갯벌랜드 산책로를 천천히 걷고, 저녁에는 유튜브로 최신 트로트 무대 영상을 찾아보며 다음 가족 여행지로 갈 만한 온천 지역을 검색합니다.","['무안 황토갯벌랜드 산책 및 자연 감상', '유튜브 트로트 가요제 영상 시청', '지역 배드민턴 클럽 정기 모임 참여', '가족과 함께하는 전국 유명 온천 여행']","현재 운영 중인 임대 사업의 관리 체계를 더 효율적으로 다듬어, 아내와 함께하는 노후 생활이 경제적 불안함 없이 평온하게 유지되기를 바랍니다.",남자,64,배우자있음,비현역,배우자와 거주,아파트,고등학교,해당없음,사무 보조원,전라남-무안군,전라남,대한민국
aab0dbc6-5f09-5139-91ad-f8edb149247b,openrouter/openai/gpt-4o-mini,exhibition_appeal,2026-04,42,3.155,2026-04-28T21:26:07,aab0dbc6-5f09-5139-91ad-f8edb149247b_openrouter_openai_gpt-4o-mini_20260428T212607.json,4,yes,1990년대 서울의 일상과 사람들의 이야기를 담은 사진과 인터뷰,관람료가 약간 부담스러울 수 있음,"서울에서 자라난 저에게 1990년대는 매우 익숙한 시기라서, 그때의 모습과 사람들의 이야기를 들을 수 있다는 점이 매력적입니다. 또한, 사진과 영상으로 기록된 역사적 순간들을 직접 보면 많은 감정이 고조될 것 같아 기대가 됩니다. 다만, 요즘 물가가 오르다 보니 관람료가 조금 부담스러울 수 있다는 점이 걱정입니다.",49bc35ed38d947ffacd7b2b344bd9833,"강병주 씨는 구로구 도매시장 일대의 좁고 험한 골목길을 손바닥 보듯 꿰고 있으며, 화물차 엔진 소리만 듣고도 어디가 고장 났는지 잡아내는 베테랑 운전원입니다. 큰 욕심 없이 정해진 배차 시간을 칼같이 맞추며 묵묵히 핸들을 잡지만, 가끔 운송장 정리를 미루다 마감 직전에 허둥대는 버릇이 있습니다.","강병주 씨는 주말마다 가족들의 손을 끌고 관악산 둘레길을 느릿하게 오르며 땀을 흘리고, 하산 후에는 단골집에서 삼겹살에 소주 한 잔을 곁들이는 낙으로 삽니다. 직접 낚시를 떠나기보다는 거실 소파에 누워 유튜브로 전국의 유명 낚시 포인트 영상을 훑어보며 대리 만족을 느끼는 정적인 취미 생활을 즐깁니다.","강병주 씨는 화려한 예술 작품이나 전시회보다는 유튜브 알고리즘이 추천해 주는 생활 밀착형 영상이나 옛 노래 모음집을 듣는 것에 더 큰 흥미를 느낍니다. 복잡한 이론이 담긴 예술보다는 일상에서 느끼는 소박한 조화로움을 귀하게 여기며, 가끔 아내를 따라 백화점 문화센터의 간단한 강연을 듣고는 신기해하는 모습도 보입니다.","강병주 씨는 낯선 해외여행보다는 가족들과 함께 서울 시내의 명소를 둘러보는 시티투어 버스 여행을 즐기며, 익숙한 도시의 변화된 모습을 관찰하는 것에서 편안함을 느낍니다. 여행 계획을 세밀하게 짜기보다는 그날그날 발길 닿는 대로 움직이는 편이며, 여행지에서도 역시나 검증된 고깃집을 찾아가 식사하는 보수적인 성향을 보입니다.","강병주 씨는 일주일에 한 번 가족과 함께 구로구 인근의 단골 고깃집에서 두툼한 삼겹살을 구워 먹으며 일주일의 피로를 씻어냅니다. 술 마신 다음 날이면 집 근처 중식당을 찾아 얼큰한 짬뽕 국물을 들이켜며 해장을 하는데, 배달 음식보다는 직접 식당에 가서 갓 나온 음식을 먹는 과정을 훨씬 좋아합니다.","강병주 씨는 무뚝뚝해 보여도 속으로는 가족을 위해 헌신하는 전형적인 한국의 아버지로, 자녀들이 사회에 완전히 자리 잡을 때까지 자신이 든든한 울타리가 되어주어야 한다는 책임감이 강합니다. 아내와는 가끔 사소한 일로 티격태격하지만 주말 식사 시간만큼은 절대 놓치지 않으며, 자녀들에게는 엄격한 훈육보다는 묵묵한 지지를 보내는 편입니다.","강병주 씨는 구로구의 길을 꿰고 있는 베테랑 화물차 운전원으로, 가족에 대한 책임감과 성실함을 바탕으로 평범하지만 단단한 일상을 꾸려가는 50대 가장입니다.","강병주는 구로공단 시절의 활기와 변화를 몸소 겪으며 성장했고, 화려한 학벌보다는 성실함과 대인관계의 조화를 삶의 정답이라 믿고 살아왔습니다. 가족과 함께하는 주말 식사 시간을 무엇보다 소중히 여기며, 튀지 않고 묵묵히 자기 자리를 지키는 것을 미덕으로 생각합니다.","서울 시내 좁은 골목길과 복잡한 도매시장 진입로를 훤히 꿰고 있으며, 화물차의 작은 엔진 소리만으로도 차량의 상태를 짐작해내는 숙련된 감각을 갖췄습니다. 배차 시간을 맞추기 위해 실시간 교통 상황을 빠르게 판단하고 최적의 경로를 찾아내는 능력이 탁월합니다.","['구로 및 가산 디지털단지 일대 지리 숙지', '특수 화물차 안전 운행 및 차량 자가 정비', '도매 시장 상인들과의 원만한 소통 및 협상', '효율적인 배차 경로 설계']","주말이면 가족들과 함께 관악산 둘레길을 천천히 걷고, 하산 후에 동네 단골 고깃집에서 삼겹살에 소주 한 잔을 곁들이며 일주일의 스트레스를 풉니다. 쉬는 날에는 유튜브로 전국 유명 낚시 포인트 영상을 찾아보거나, 가끔 집 근처 중식당에서 짬뽕 국물로 해장하는 시간을 즐깁니다.","['관악산 둘레길 산책', '유튜브 낚시 및 차량 관리 영상 시청', '가족과 함께하는 주말 외식', '동네 지인들과의 가벼운 반주']","이제는 무리한 확장보다는 몸에 무리가 가지 않는 선에서 꾸준히 일하며, 자녀들이 독립할 때까지 든든한 버팀목이 되어주는 안정적인 삶을 유지하고 싶어 합니다. 정년 이후에는 소규모로 운송 관련 자문을 해주거나 소일거리를 하며 건강하게 늙어가는 것을 꿈꿉니다.",남자,52,배우자있음,비현역,기타2세대,아파트,고등학교,해당없음,그 외 화물차 및 특수차 운전원,서울-구로구,서울,대한민국
aab0dbc6-5f09-5139-91ad-f8edb149247b,openrouter/qwen/qwen-2.5-72b-instruct,exhibition_appeal,2026-04,42,4.616,2026-04-28T21:26:12,aab0dbc6-5f09-5139-91ad-f8edb149247b_openrouter_qwen_qwen-2.5-72b-instruct_20260428T212612.json,3,maybe,1990년대 서울 보도사진 100점,"관람료 5,000원","1990년대 서울의 모습은 많이 보아왔지만, 사진과 영상을 통해 당시의 생생한 이야기를 볼 수 있다는 것이 흥미롭다. 하지만 무료는 아니고 5,000원이 들어가니, 좀 더 확실한 동기가 필요할 것 같다.",49bc35ed38d947ffacd7b2b344bd9833,"강병주 씨는 구로구 도매시장 일대의 좁고 험한 골목길을 손바닥 보듯 꿰고 있으며, 화물차 엔진 소리만 듣고도 어디가 고장 났는지 잡아내는 베테랑 운전원입니다. 큰 욕심 없이 정해진 배차 시간을 칼같이 맞추며 묵묵히 핸들을 잡지만, 가끔 운송장 정리를 미루다 마감 직전에 허둥대는 버릇이 있습니다.","강병주 씨는 주말마다 가족들의 손을 끌고 관악산 둘레길을 느릿하게 오르며 땀을 흘리고, 하산 후에는 단골집에서 삼겹살에 소주 한 잔을 곁들이는 낙으로 삽니다. 직접 낚시를 떠나기보다는 거실 소파에 누워 유튜브로 전국의 유명 낚시 포인트 영상을 훑어보며 대리 만족을 느끼는 정적인 취미 생활을 즐깁니다.","강병주 씨는 화려한 예술 작품이나 전시회보다는 유튜브 알고리즘이 추천해 주는 생활 밀착형 영상이나 옛 노래 모음집을 듣는 것에 더 큰 흥미를 느낍니다. 복잡한 이론이 담긴 예술보다는 일상에서 느끼는 소박한 조화로움을 귀하게 여기며, 가끔 아내를 따라 백화점 문화센터의 간단한 강연을 듣고는 신기해하는 모습도 보입니다.","강병주 씨는 낯선 해외여행보다는 가족들과 함께 서울 시내의 명소를 둘러보는 시티투어 버스 여행을 즐기며, 익숙한 도시의 변화된 모습을 관찰하는 것에서 편안함을 느낍니다. 여행 계획을 세밀하게 짜기보다는 그날그날 발길 닿는 대로 움직이는 편이며, 여행지에서도 역시나 검증된 고깃집을 찾아가 식사하는 보수적인 성향을 보입니다.","강병주 씨는 일주일에 한 번 가족과 함께 구로구 인근의 단골 고깃집에서 두툼한 삼겹살을 구워 먹으며 일주일의 피로를 씻어냅니다. 술 마신 다음 날이면 집 근처 중식당을 찾아 얼큰한 짬뽕 국물을 들이켜며 해장을 하는데, 배달 음식보다는 직접 식당에 가서 갓 나온 음식을 먹는 과정을 훨씬 좋아합니다.","강병주 씨는 무뚝뚝해 보여도 속으로는 가족을 위해 헌신하는 전형적인 한국의 아버지로, 자녀들이 사회에 완전히 자리 잡을 때까지 자신이 든든한 울타리가 되어주어야 한다는 책임감이 강합니다. 아내와는 가끔 사소한 일로 티격태격하지만 주말 식사 시간만큼은 절대 놓치지 않으며, 자녀들에게는 엄격한 훈육보다는 묵묵한 지지를 보내는 편입니다.","강병주 씨는 구로구의 길을 꿰고 있는 베테랑 화물차 운전원으로, 가족에 대한 책임감과 성실함을 바탕으로 평범하지만 단단한 일상을 꾸려가는 50대 가장입니다.","강병주는 구로공단 시절의 활기와 변화를 몸소 겪으며 성장했고, 화려한 학벌보다는 성실함과 대인관계의 조화를 삶의 정답이라 믿고 살아왔습니다. 가족과 함께하는 주말 식사 시간을 무엇보다 소중히 여기며, 튀지 않고 묵묵히 자기 자리를 지키는 것을 미덕으로 생각합니다.","서울 시내 좁은 골목길과 복잡한 도매시장 진입로를 훤히 꿰고 있으며, 화물차의 작은 엔진 소리만으로도 차량의 상태를 짐작해내는 숙련된 감각을 갖췄습니다. 배차 시간을 맞추기 위해 실시간 교통 상황을 빠르게 판단하고 최적의 경로를 찾아내는 능력이 탁월합니다.","['구로 및 가산 디지털단지 일대 지리 숙지', '특수 화물차 안전 운행 및 차량 자가 정비', '도매 시장 상인들과의 원만한 소통 및 협상', '효율적인 배차 경로 설계']","주말이면 가족들과 함께 관악산 둘레길을 천천히 걷고, 하산 후에 동네 단골 고깃집에서 삼겹살에 소주 한 잔을 곁들이며 일주일의 스트레스를 풉니다. 쉬는 날에는 유튜브로 전국 유명 낚시 포인트 영상을 찾아보거나, 가끔 집 근처 중식당에서 짬뽕 국물로 해장하는 시간을 즐깁니다.","['관악산 둘레길 산책', '유튜브 낚시 및 차량 관리 영상 시청', '가족과 함께하는 주말 외식', '동네 지인들과의 가벼운 반주']","이제는 무리한 확장보다는 몸에 무리가 가지 않는 선에서 꾸준히 일하며, 자녀들이 독립할 때까지 든든한 버팀목이 되어주는 안정적인 삶을 유지하고 싶어 합니다. 정년 이후에는 소규모로 운송 관련 자문을 해주거나 소일거리를 하며 건강하게 늙어가는 것을 꿈꿉니다.",남자,52,배우자있음,비현역,기타2세대,아파트,고등학교,해당없음,그 외 화물차 및 특수차 운전원,서울-구로구,서울,대한민국
aab0dbc6-5f09-5139-91ad-f8edb149247b,openrouter/google/gemini-2.5-flash,exhibition_appeal,2026-04,42,2.4,2026-04-28T21:26:14,aab0dbc6-5f09-5139-91ad-f8edb149247b_openrouter_google_gemini-2.5-flash_20260428T212614.json,3,maybe,1990년대 서울 보도사진 100점,관람료 5천원,"90년대 서울 모습은 내가 한창 사회생활 할 때라 궁금하긴 해. 특히 옛날 사진들을 많이 보여준다고 하니, 그때 기억도 나고 재미있을 것 같아. 근데 굳이 돈 내고 미술관까지 가서 봐야 하나 싶기도 하고, 주말에 가족들이랑 등산 가거나 고깃집 가는 게 더 편하지. 나중에 시간 되면 생각해볼 정도지, 꼭 가야겠다고 마음먹을 정도는 아니야.",49bc35ed38d947ffacd7b2b344bd9833,"강병주 씨는 구로구 도매시장 일대의 좁고 험한 골목길을 손바닥 보듯 꿰고 있으며, 화물차 엔진 소리만 듣고도 어디가 고장 났는지 잡아내는 베테랑 운전원입니다. 큰 욕심 없이 정해진 배차 시간을 칼같이 맞추며 묵묵히 핸들을 잡지만, 가끔 운송장 정리를 미루다 마감 직전에 허둥대는 버릇이 있습니다.","강병주 씨는 주말마다 가족들의 손을 끌고 관악산 둘레길을 느릿하게 오르며 땀을 흘리고, 하산 후에는 단골집에서 삼겹살에 소주 한 잔을 곁들이는 낙으로 삽니다. 직접 낚시를 떠나기보다는 거실 소파에 누워 유튜브로 전국의 유명 낚시 포인트 영상을 훑어보며 대리 만족을 느끼는 정적인 취미 생활을 즐깁니다.","강병주 씨는 화려한 예술 작품이나 전시회보다는 유튜브 알고리즘이 추천해 주는 생활 밀착형 영상이나 옛 노래 모음집을 듣는 것에 더 큰 흥미를 느낍니다. 복잡한 이론이 담긴 예술보다는 일상에서 느끼는 소박한 조화로움을 귀하게 여기며, 가끔 아내를 따라 백화점 문화센터의 간단한 강연을 듣고는 신기해하는 모습도 보입니다.","강병주 씨는 낯선 해외여행보다는 가족들과 함께 서울 시내의 명소를 둘러보는 시티투어 버스 여행을 즐기며, 익숙한 도시의 변화된 모습을 관찰하는 것에서 편안함을 느낍니다. 여행 계획을 세밀하게 짜기보다는 그날그날 발길 닿는 대로 움직이는 편이며, 여행지에서도 역시나 검증된 고깃집을 찾아가 식사하는 보수적인 성향을 보입니다.","강병주 씨는 일주일에 한 번 가족과 함께 구로구 인근의 단골 고깃집에서 두툼한 삼겹살을 구워 먹으며 일주일의 피로를 씻어냅니다. 술 마신 다음 날이면 집 근처 중식당을 찾아 얼큰한 짬뽕 국물을 들이켜며 해장을 하는데, 배달 음식보다는 직접 식당에 가서 갓 나온 음식을 먹는 과정을 훨씬 좋아합니다.","강병주 씨는 무뚝뚝해 보여도 속으로는 가족을 위해 헌신하는 전형적인 한국의 아버지로, 자녀들이 사회에 완전히 자리 잡을 때까지 자신이 든든한 울타리가 되어주어야 한다는 책임감이 강합니다. 아내와는 가끔 사소한 일로 티격태격하지만 주말 식사 시간만큼은 절대 놓치지 않으며, 자녀들에게는 엄격한 훈육보다는 묵묵한 지지를 보내는 편입니다.","강병주 씨는 구로구의 길을 꿰고 있는 베테랑 화물차 운전원으로, 가족에 대한 책임감과 성실함을 바탕으로 평범하지만 단단한 일상을 꾸려가는 50대 가장입니다.","강병주는 구로공단 시절의 활기와 변화를 몸소 겪으며 성장했고, 화려한 학벌보다는 성실함과 대인관계의 조화를 삶의 정답이라 믿고 살아왔습니다. 가족과 함께하는 주말 식사 시간을 무엇보다 소중히 여기며, 튀지 않고 묵묵히 자기 자리를 지키는 것을 미덕으로 생각합니다.","서울 시내 좁은 골목길과 복잡한 도매시장 진입로를 훤히 꿰고 있으며, 화물차의 작은 엔진 소리만으로도 차량의 상태를 짐작해내는 숙련된 감각을 갖췄습니다. 배차 시간을 맞추기 위해 실시간 교통 상황을 빠르게 판단하고 최적의 경로를 찾아내는 능력이 탁월합니다.","['구로 및 가산 디지털단지 일대 지리 숙지', '특수 화물차 안전 운행 및 차량 자가 정비', '도매 시장 상인들과의 원만한 소통 및 협상', '효율적인 배차 경로 설계']","주말이면 가족들과 함께 관악산 둘레길을 천천히 걷고, 하산 후에 동네 단골 고깃집에서 삼겹살에 소주 한 잔을 곁들이며 일주일의 스트레스를 풉니다. 쉬는 날에는 유튜브로 전국 유명 낚시 포인트 영상을 찾아보거나, 가끔 집 근처 중식당에서 짬뽕 국물로 해장하는 시간을 즐깁니다.","['관악산 둘레길 산책', '유튜브 낚시 및 차량 관리 영상 시청', '가족과 함께하는 주말 외식', '동네 지인들과의 가벼운 반주']","이제는 무리한 확장보다는 몸에 무리가 가지 않는 선에서 꾸준히 일하며, 자녀들이 독립할 때까지 든든한 버팀목이 되어주는 안정적인 삶을 유지하고 싶어 합니다. 정년 이후에는 소규모로 운송 관련 자문을 해주거나 소일거리를 하며 건강하게 늙어가는 것을 꿈꿉니다.",남자,52,배우자있음,비현역,기타2세대,아파트,고등학교,해당없음,그 외 화물차 및 특수차 운전원,서울-구로구,서울,대한민국
aab0dbc6-5f09-5139-91ad-f8edb149247b,openrouter/anthropic/claude-haiku-4.5,exhibition_appeal,2026-04,42,4.755,2026-04-28T21:26:19,aab0dbc6-5f09-5139-91ad-f8edb149247b_openrouter_anthropic_claude-haiku-4.5_20260428T212619.json,4,yes,"1990년대 서울 지도와 지하철 노선표 비교, 그리고 시민 사진 공모 코너","미술관이라고 하니까 뭔가 어렵고 복잡할까봐 걱정되는데, 실제로는 그냥 사진 보고 옛날 생각하는 건가 싶은 점","90년대는 내가 한창 일하던 때고, 구로공단 시절을 직접 겪었으니까 그 시간들을 다시 돌아보는 것도 좋을 것 같다. 특히 옛날 지도랑 지하철 노선 변화를 보면 서울이 얼마나 달라졌는지 느낄 수 있을 거고, 일반인 사진들도 있다니까 어렵지 않게 볼 수 있을 듯하다. 아내하고 주말에 한 번 가봐도 괜찮을 것 같은데, 다만 미술관은 가본 지 오래라서 분위기가 어떨지 모르겠다.",49bc35ed38d947ffacd7b2b344bd9833,"강병주 씨는 구로구 도매시장 일대의 좁고 험한 골목길을 손바닥 보듯 꿰고 있으며, 화물차 엔진 소리만 듣고도 어디가 고장 났는지 잡아내는 베테랑 운전원입니다. 큰 욕심 없이 정해진 배차 시간을 칼같이 맞추며 묵묵히 핸들을 잡지만, 가끔 운송장 정리를 미루다 마감 직전에 허둥대는 버릇이 있습니다.","강병주 씨는 주말마다 가족들의 손을 끌고 관악산 둘레길을 느릿하게 오르며 땀을 흘리고, 하산 후에는 단골집에서 삼겹살에 소주 한 잔을 곁들이는 낙으로 삽니다. 직접 낚시를 떠나기보다는 거실 소파에 누워 유튜브로 전국의 유명 낚시 포인트 영상을 훑어보며 대리 만족을 느끼는 정적인 취미 생활을 즐깁니다.","강병주 씨는 화려한 예술 작품이나 전시회보다는 유튜브 알고리즘이 추천해 주는 생활 밀착형 영상이나 옛 노래 모음집을 듣는 것에 더 큰 흥미를 느낍니다. 복잡한 이론이 담긴 예술보다는 일상에서 느끼는 소박한 조화로움을 귀하게 여기며, 가끔 아내를 따라 백화점 문화센터의 간단한 강연을 듣고는 신기해하는 모습도 보입니다.","강병주 씨는 낯선 해외여행보다는 가족들과 함께 서울 시내의 명소를 둘러보는 시티투어 버스 여행을 즐기며, 익숙한 도시의 변화된 모습을 관찰하는 것에서 편안함을 느낍니다. 여행 계획을 세밀하게 짜기보다는 그날그날 발길 닿는 대로 움직이는 편이며, 여행지에서도 역시나 검증된 고깃집을 찾아가 식사하는 보수적인 성향을 보입니다.","강병주 씨는 일주일에 한 번 가족과 함께 구로구 인근의 단골 고깃집에서 두툼한 삼겹살을 구워 먹으며 일주일의 피로를 씻어냅니다. 술 마신 다음 날이면 집 근처 중식당을 찾아 얼큰한 짬뽕 국물을 들이켜며 해장을 하는데, 배달 음식보다는 직접 식당에 가서 갓 나온 음식을 먹는 과정을 훨씬 좋아합니다.","강병주 씨는 무뚝뚝해 보여도 속으로는 가족을 위해 헌신하는 전형적인 한국의 아버지로, 자녀들이 사회에 완전히 자리 잡을 때까지 자신이 든든한 울타리가 되어주어야 한다는 책임감이 강합니다. 아내와는 가끔 사소한 일로 티격태격하지만 주말 식사 시간만큼은 절대 놓치지 않으며, 자녀들에게는 엄격한 훈육보다는 묵묵한 지지를 보내는 편입니다.","강병주 씨는 구로구의 길을 꿰고 있는 베테랑 화물차 운전원으로, 가족에 대한 책임감과 성실함을 바탕으로 평범하지만 단단한 일상을 꾸려가는 50대 가장입니다.","강병주는 구로공단 시절의 활기와 변화를 몸소 겪으며 성장했고, 화려한 학벌보다는 성실함과 대인관계의 조화를 삶의 정답이라 믿고 살아왔습니다. 가족과 함께하는 주말 식사 시간을 무엇보다 소중히 여기며, 튀지 않고 묵묵히 자기 자리를 지키는 것을 미덕으로 생각합니다.","서울 시내 좁은 골목길과 복잡한 도매시장 진입로를 훤히 꿰고 있으며, 화물차의 작은 엔진 소리만으로도 차량의 상태를 짐작해내는 숙련된 감각을 갖췄습니다. 배차 시간을 맞추기 위해 실시간 교통 상황을 빠르게 판단하고 최적의 경로를 찾아내는 능력이 탁월합니다.","['구로 및 가산 디지털단지 일대 지리 숙지', '특수 화물차 안전 운행 및 차량 자가 정비', '도매 시장 상인들과의 원만한 소통 및 협상', '효율적인 배차 경로 설계']","주말이면 가족들과 함께 관악산 둘레길을 천천히 걷고, 하산 후에 동네 단골 고깃집에서 삼겹살에 소주 한 잔을 곁들이며 일주일의 스트레스를 풉니다. 쉬는 날에는 유튜브로 전국 유명 낚시 포인트 영상을 찾아보거나, 가끔 집 근처 중식당에서 짬뽕 국물로 해장하는 시간을 즐깁니다.","['관악산 둘레길 산책', '유튜브 낚시 및 차량 관리 영상 시청', '가족과 함께하는 주말 외식', '동네 지인들과의 가벼운 반주']","이제는 무리한 확장보다는 몸에 무리가 가지 않는 선에서 꾸준히 일하며, 자녀들이 독립할 때까지 든든한 버팀목이 되어주는 안정적인 삶을 유지하고 싶어 합니다. 정년 이후에는 소규모로 운송 관련 자문을 해주거나 소일거리를 하며 건강하게 늙어가는 것을 꿈꿉니다.",남자,52,배우자있음,비현역,기타2세대,아파트,고등학교,해당없음,그 외 화물차 및 특수차 운전원,서울-구로구,서울,대한민국
aab0dbc6-5f09-5139-91ad-f8edb149247b,openrouter/openai/gpt-5-mini,exhibition_appeal,2026-04,42,17.478,2026-04-28T21:26:36,aab0dbc6-5f09-5139-91ad-f8edb149247b_openrouter_openai_gpt-5-mini_20260428T212636.json,4,maybe,옛 서울 지도와 지하철 노선표 비교 코너,사진·인터뷰 영상 위주라 지루하고 반복될 것 같음,"1990년대 서울을 직접 겪은 사람으로서 옛 풍경과 사람들 기록은 정겹고 관심이 갑니다. 특히 지도·지하철 비교는 동네 변화가 눈에 보여 더 끌립니다. 다만 사진과 인터뷰가 많아 앉아서 보기 지루하거나 반복될 것 같고, 관람료와 시간을 들여 가족 외출 삼아 갈지 망설여집니다.",49bc35ed38d947ffacd7b2b344bd9833,"강병주 씨는 구로구 도매시장 일대의 좁고 험한 골목길을 손바닥 보듯 꿰고 있으며, 화물차 엔진 소리만 듣고도 어디가 고장 났는지 잡아내는 베테랑 운전원입니다. 큰 욕심 없이 정해진 배차 시간을 칼같이 맞추며 묵묵히 핸들을 잡지만, 가끔 운송장 정리를 미루다 마감 직전에 허둥대는 버릇이 있습니다.","강병주 씨는 주말마다 가족들의 손을 끌고 관악산 둘레길을 느릿하게 오르며 땀을 흘리고, 하산 후에는 단골집에서 삼겹살에 소주 한 잔을 곁들이는 낙으로 삽니다. 직접 낚시를 떠나기보다는 거실 소파에 누워 유튜브로 전국의 유명 낚시 포인트 영상을 훑어보며 대리 만족을 느끼는 정적인 취미 생활을 즐깁니다.","강병주 씨는 화려한 예술 작품이나 전시회보다는 유튜브 알고리즘이 추천해 주는 생활 밀착형 영상이나 옛 노래 모음집을 듣는 것에 더 큰 흥미를 느낍니다. 복잡한 이론이 담긴 예술보다는 일상에서 느끼는 소박한 조화로움을 귀하게 여기며, 가끔 아내를 따라 백화점 문화센터의 간단한 강연을 듣고는 신기해하는 모습도 보입니다.","강병주 씨는 낯선 해외여행보다는 가족들과 함께 서울 시내의 명소를 둘러보는 시티투어 버스 여행을 즐기며, 익숙한 도시의 변화된 모습을 관찰하는 것에서 편안함을 느낍니다. 여행 계획을 세밀하게 짜기보다는 그날그날 발길 닿는 대로 움직이는 편이며, 여행지에서도 역시나 검증된 고깃집을 찾아가 식사하는 보수적인 성향을 보입니다.","강병주 씨는 일주일에 한 번 가족과 함께 구로구 인근의 단골 고깃집에서 두툼한 삼겹살을 구워 먹으며 일주일의 피로를 씻어냅니다. 술 마신 다음 날이면 집 근처 중식당을 찾아 얼큰한 짬뽕 국물을 들이켜며 해장을 하는데, 배달 음식보다는 직접 식당에 가서 갓 나온 음식을 먹는 과정을 훨씬 좋아합니다.","강병주 씨는 무뚝뚝해 보여도 속으로는 가족을 위해 헌신하는 전형적인 한국의 아버지로, 자녀들이 사회에 완전히 자리 잡을 때까지 자신이 든든한 울타리가 되어주어야 한다는 책임감이 강합니다. 아내와는 가끔 사소한 일로 티격태격하지만 주말 식사 시간만큼은 절대 놓치지 않으며, 자녀들에게는 엄격한 훈육보다는 묵묵한 지지를 보내는 편입니다.","강병주 씨는 구로구의 길을 꿰고 있는 베테랑 화물차 운전원으로, 가족에 대한 책임감과 성실함을 바탕으로 평범하지만 단단한 일상을 꾸려가는 50대 가장입니다.","강병주는 구로공단 시절의 활기와 변화를 몸소 겪으며 성장했고, 화려한 학벌보다는 성실함과 대인관계의 조화를 삶의 정답이라 믿고 살아왔습니다. 가족과 함께하는 주말 식사 시간을 무엇보다 소중히 여기며, 튀지 않고 묵묵히 자기 자리를 지키는 것을 미덕으로 생각합니다.","서울 시내 좁은 골목길과 복잡한 도매시장 진입로를 훤히 꿰고 있으며, 화물차의 작은 엔진 소리만으로도 차량의 상태를 짐작해내는 숙련된 감각을 갖췄습니다. 배차 시간을 맞추기 위해 실시간 교통 상황을 빠르게 판단하고 최적의 경로를 찾아내는 능력이 탁월합니다.","['구로 및 가산 디지털단지 일대 지리 숙지', '특수 화물차 안전 운행 및 차량 자가 정비', '도매 시장 상인들과의 원만한 소통 및 협상', '효율적인 배차 경로 설계']","주말이면 가족들과 함께 관악산 둘레길을 천천히 걷고, 하산 후에 동네 단골 고깃집에서 삼겹살에 소주 한 잔을 곁들이며 일주일의 스트레스를 풉니다. 쉬는 날에는 유튜브로 전국 유명 낚시 포인트 영상을 찾아보거나, 가끔 집 근처 중식당에서 짬뽕 국물로 해장하는 시간을 즐깁니다.","['관악산 둘레길 산책', '유튜브 낚시 및 차량 관리 영상 시청', '가족과 함께하는 주말 외식', '동네 지인들과의 가벼운 반주']","이제는 무리한 확장보다는 몸에 무리가 가지 않는 선에서 꾸준히 일하며, 자녀들이 독립할 때까지 든든한 버팀목이 되어주는 안정적인 삶을 유지하고 싶어 합니다. 정년 이후에는 소규모로 운송 관련 자문을 해주거나 소일거리를 하며 건강하게 늙어가는 것을 꿈꿉니다.",남자,52,배우자있음,비현역,기타2세대,아파트,고등학교,해당없음,그 외 화물차 및 특수차 운전원,서울-구로구,서울,대한민국
ed36d714-c6f3-5d4d-badc-1f8f3c924da4,openrouter/openai/gpt-4o-mini,exhibition_appeal,2026-04,42,3.251,2026-04-28T21:26:39,ed36d714-c6f3-5d4d-badc-1f8f3c924da4_openrouter_openai_gpt-4o-mini_20260428T212639.json,4,yes,1990년대 서울의 보도사진,관람료가 다소 비싸게 느껴질 수 있음,"1990년대 서울의 기록은 제 청소년 시절과 맞물려 있어 개인적으로 큰 흥미를 느낍니다. 보도사진과 시민 인터뷰 영상은 당시의 생생한 일상과 감정을 전달해 줄 것 같아 기대가 됩니다. 다만, 관람료가 5,000원이어서 가벼운 외출로는 부담스러울 수 있어 고민이 됩니다.",1849ebf444fe48c7a895088dc54f8fdb,"박형은 씨는 울산 남구의 자동차 부품 공장에서 기계 소음만으로도 어느 공정에서 병목 현상이 생겼는지 단번에 잡아내는 숙련된 조립 라인 조작원입니다. 복잡한 매뉴얼을 정독하기보다 몸으로 익힌 감각을 믿으며, 후배들이 쩔쩔매는 기계 오작동을 툭툭 쳐서 해결해주고는 시원하게 웃어 보이는 현장의 해결사 역할을 합니다.","박형은 씨는 격렬한 운동보다는 따뜻한 물에 몸을 담그는 정적인 휴식을 즐기며, 주말이면 남편과 함께 인근 온천을 찾아 굳은 어깨와 허리 근육을 푸는 것으로 일주일의 피로를 씻어냅니다. 특별한 운동 계획을 세우기보다 기분 전환 삼아 동네 산책을 하다가도 눈에 띄는 예쁜 가게가 보이면 바로 발걸음을 멈추는 유연한 일상을 보냅니다.",박형은 씨는 퇴근 후 소파에 깊숙이 파묻혀 유튜브에서 북유럽풍 인테리어 소품이나 방 꾸미기 영상을 보며 대리 만족을 느끼는 시간을 가장 아낍니다. 거창한 예술 작품 전시회보다는 집안 분위기를 바꿀 수 있는 아기자기한 조명이나 소품 하나를 직접 골라 배치하는 감각적인 재미에 끌립니다.,"박형은 씨는 빡빡한 여행 일정표를 짜기보다 발길 닿는 대로 움직이는 여행을 즐기며, 주로 친한 친구나 남편과 함께 온천이나 스파 리조트를 찾아 느긋하게 쉬다 오는 짧은 여행을 떠납니다. 낯선 곳의 유명 관광지를 모두 섭렵하기보다 숙소 근처의 조용한 식당에서 맛있는 음식을 먹고 푹 자는 휴양형 여행에 만족합니다.","박형은 씨는 일주일에 네 번 이상 외식을 하고 배달 앱을 자주 이용하며, 특히 퇴근길에 포장해오는 마제소바나 입안에서 녹는 연어 초밥 같은 일식 메뉴에 입맛이 까다로운 편입니다. 한식을 먹을 때는 고기구이 대신 정갈한 나물 비빔밥이나 칼칼한 된장찌개 같은 깔끔한 상차림을 선택하며, 식사 후에는 꼭 달콤한 디저트를 챙겨 먹습니다.","박형은 씨는 남편과 서로의 성격을 잘 이해하며 다정하게 지내고, 주말이면 시간을 내어 친정 부모님 댁을 방문해 시시콜콜한 일상을 나누며 정을 쌓습니다. 집안일 분담에 있어 엄격하게 규칙을 정하기보다 서로 상황에 맞춰 유연하게 돕는 편이며, 가끔은 남편과 함께 배달 음식을 시켜 놓고 늦게까지 TV를 보며 낄낄거리는 시간을 즐깁니다.","박형은 씨는 울산 공단 현장의 능숙한 감각과 털털한 성격을 가진 30대 직장인으로, 사람들과 어울리는 즐거움과 온천욕 같은 정적인 휴식을 동시에 추구하는 인물입니다.","울산 남구 삼산동의 활기찬 분위기 속에서 자라나며 대규모 공단이 일상의 배경이 된 환경에 익숙합니다. 전문대학 시절부터 맺어온 동네 친구들과 여전히 끈끈하게 지내며, 격식 없는 편안한 관계 속에서 소속감을 느끼는 지역 정서를 가지고 있습니다.","조립 라인의 기계 소리만 들어도 어디서 병목 현상이 생겼는지 금방 알아채는 현장 감각이 뛰어납니다. 복잡한 매뉴얼을 외우기보다 몸으로 익힌 숙련도로 빠르게 대처하며, 동료들이 어려워하는 기계 조작법을 알기 쉽게 설명해 주는 능력이 좋습니다.","['자동 조립 설비 가동 및 모니터링', '라인 공정 오류 즉각 대응', '생산 설비 기본 유지보수', '신입 작업자 실무 교육']","주말이면 남편과 함께 근처 온천으로 짧은 여행을 떠나 뭉친 근육을 풉니다. 퇴근 후에는 마제소바나 초밥을 시켜 먹으며 유튜브에서 최신 인테리어 소품 영상을 구경하거나, 아무 생각 없이 멍하게 시간을 보내며 에너지를 충전합니다.","['울산 인근 온천 및 스파 방문', '유튜브 인테리어 및 소품 영상 시청', '삼산동 일식 맛집 탐방', '친구들과의 즉흥적인 번개 모임']","현장에서의 숙련도를 인정받아 동료들에게 신뢰받는 선임 작업자가 되는 것을 목표로 합니다. 꼼꼼한 서류 작업이 요구되는 관리직으로의 승진보다는, 현장의 흐름을 유연하게 조율하며 유쾌하게 협업하는 환경을 유지하는 것에 만족합니다.",여자,33,배우자있음,비현역,배우자와 거주,아파트,2~3년제 전문대학,해당없음,자동 조립라인 조작원,울산-남구,울산,대한민국
ed36d714-c6f3-5d4d-badc-1f8f3c924da4,openrouter/qwen/qwen-2.5-72b-instruct,exhibition_appeal,2026-04,42,5.282,2026-04-28T21:26:45,ed36d714-c6f3-5d4d-badc-1f8f3c924da4_openrouter_qwen_qwen-2.5-72b-instruct_20260428T212645.json,3,maybe,1990년대 서울의 일상과 기록,울산에서 서울까지 이동 시간과 비용,"1990년대 서울의 일상을 다루는 전시라서 흥미롭지만, 울산에서 서울까지 가는 것이 쉽지 않고 비용도 들여야 하기 때문에 망설여집니다. 그래도 온라인으로 전시를 체험할 수 있다면 좋을 것 같아요.",1849ebf444fe48c7a895088dc54f8fdb,"박형은 씨는 울산 남구의 자동차 부품 공장에서 기계 소음만으로도 어느 공정에서 병목 현상이 생겼는지 단번에 잡아내는 숙련된 조립 라인 조작원입니다. 복잡한 매뉴얼을 정독하기보다 몸으로 익힌 감각을 믿으며, 후배들이 쩔쩔매는 기계 오작동을 툭툭 쳐서 해결해주고는 시원하게 웃어 보이는 현장의 해결사 역할을 합니다.","박형은 씨는 격렬한 운동보다는 따뜻한 물에 몸을 담그는 정적인 휴식을 즐기며, 주말이면 남편과 함께 인근 온천을 찾아 굳은 어깨와 허리 근육을 푸는 것으로 일주일의 피로를 씻어냅니다. 특별한 운동 계획을 세우기보다 기분 전환 삼아 동네 산책을 하다가도 눈에 띄는 예쁜 가게가 보이면 바로 발걸음을 멈추는 유연한 일상을 보냅니다.",박형은 씨는 퇴근 후 소파에 깊숙이 파묻혀 유튜브에서 북유럽풍 인테리어 소품이나 방 꾸미기 영상을 보며 대리 만족을 느끼는 시간을 가장 아낍니다. 거창한 예술 작품 전시회보다는 집안 분위기를 바꿀 수 있는 아기자기한 조명이나 소품 하나를 직접 골라 배치하는 감각적인 재미에 끌립니다.,"박형은 씨는 빡빡한 여행 일정표를 짜기보다 발길 닿는 대로 움직이는 여행을 즐기며, 주로 친한 친구나 남편과 함께 온천이나 스파 리조트를 찾아 느긋하게 쉬다 오는 짧은 여행을 떠납니다. 낯선 곳의 유명 관광지를 모두 섭렵하기보다 숙소 근처의 조용한 식당에서 맛있는 음식을 먹고 푹 자는 휴양형 여행에 만족합니다.","박형은 씨는 일주일에 네 번 이상 외식을 하고 배달 앱을 자주 이용하며, 특히 퇴근길에 포장해오는 마제소바나 입안에서 녹는 연어 초밥 같은 일식 메뉴에 입맛이 까다로운 편입니다. 한식을 먹을 때는 고기구이 대신 정갈한 나물 비빔밥이나 칼칼한 된장찌개 같은 깔끔한 상차림을 선택하며, 식사 후에는 꼭 달콤한 디저트를 챙겨 먹습니다.","박형은 씨는 남편과 서로의 성격을 잘 이해하며 다정하게 지내고, 주말이면 시간을 내어 친정 부모님 댁을 방문해 시시콜콜한 일상을 나누며 정을 쌓습니다. 집안일 분담에 있어 엄격하게 규칙을 정하기보다 서로 상황에 맞춰 유연하게 돕는 편이며, 가끔은 남편과 함께 배달 음식을 시켜 놓고 늦게까지 TV를 보며 낄낄거리는 시간을 즐깁니다.","박형은 씨는 울산 공단 현장의 능숙한 감각과 털털한 성격을 가진 30대 직장인으로, 사람들과 어울리는 즐거움과 온천욕 같은 정적인 휴식을 동시에 추구하는 인물입니다.","울산 남구 삼산동의 활기찬 분위기 속에서 자라나며 대규모 공단이 일상의 배경이 된 환경에 익숙합니다. 전문대학 시절부터 맺어온 동네 친구들과 여전히 끈끈하게 지내며, 격식 없는 편안한 관계 속에서 소속감을 느끼는 지역 정서를 가지고 있습니다.","조립 라인의 기계 소리만 들어도 어디서 병목 현상이 생겼는지 금방 알아채는 현장 감각이 뛰어납니다. 복잡한 매뉴얼을 외우기보다 몸으로 익힌 숙련도로 빠르게 대처하며, 동료들이 어려워하는 기계 조작법을 알기 쉽게 설명해 주는 능력이 좋습니다.","['자동 조립 설비 가동 및 모니터링', '라인 공정 오류 즉각 대응', '생산 설비 기본 유지보수', '신입 작업자 실무 교육']","주말이면 남편과 함께 근처 온천으로 짧은 여행을 떠나 뭉친 근육을 풉니다. 퇴근 후에는 마제소바나 초밥을 시켜 먹으며 유튜브에서 최신 인테리어 소품 영상을 구경하거나, 아무 생각 없이 멍하게 시간을 보내며 에너지를 충전합니다.","['울산 인근 온천 및 스파 방문', '유튜브 인테리어 및 소품 영상 시청', '삼산동 일식 맛집 탐방', '친구들과의 즉흥적인 번개 모임']","현장에서의 숙련도를 인정받아 동료들에게 신뢰받는 선임 작업자가 되는 것을 목표로 합니다. 꼼꼼한 서류 작업이 요구되는 관리직으로의 승진보다는, 현장의 흐름을 유연하게 조율하며 유쾌하게 협업하는 환경을 유지하는 것에 만족합니다.",여자,33,배우자있음,비현역,배우자와 거주,아파트,2~3년제 전문대학,해당없음,자동 조립라인 조작원,울산-남구,울산,대한민국
ed36d714-c6f3-5d4d-badc-1f8f3c924da4,openrouter/google/gemini-2.5-flash,exhibition_appeal,2026-04,42,6.89,2026-04-28T21:26:52,ed36d714-c6f3-5d4d-badc-1f8f3c924da4_openrouter_google_gemini-2.5-flash_20260428T212652.json,3,maybe,시민 자원자 인터뷰 영상,서울까지 가는 시간과 비용,"1990년대 서울이라니, 제가 태어나기 전이라서 직접적인 공감은 어렵지만, 부모님 세대의 이야기는 궁금하긴 해요. 특히 평범한 사람들의 인터뷰 영상은 어떤 이야기들이 나올지 흥미롭네요. 근데 서울까지 가야 한다는 게 좀 부담스럽고, 굳이 휴가까지 써서 가고 싶을 만큼 확 끌리는 건 또 아니라서 고민되긴 하네요.",1849ebf444fe48c7a895088dc54f8fdb,"박형은 씨는 울산 남구의 자동차 부품 공장에서 기계 소음만으로도 어느 공정에서 병목 현상이 생겼는지 단번에 잡아내는 숙련된 조립 라인 조작원입니다. 복잡한 매뉴얼을 정독하기보다 몸으로 익힌 감각을 믿으며, 후배들이 쩔쩔매는 기계 오작동을 툭툭 쳐서 해결해주고는 시원하게 웃어 보이는 현장의 해결사 역할을 합니다.","박형은 씨는 격렬한 운동보다는 따뜻한 물에 몸을 담그는 정적인 휴식을 즐기며, 주말이면 남편과 함께 인근 온천을 찾아 굳은 어깨와 허리 근육을 푸는 것으로 일주일의 피로를 씻어냅니다. 특별한 운동 계획을 세우기보다 기분 전환 삼아 동네 산책을 하다가도 눈에 띄는 예쁜 가게가 보이면 바로 발걸음을 멈추는 유연한 일상을 보냅니다.",박형은 씨는 퇴근 후 소파에 깊숙이 파묻혀 유튜브에서 북유럽풍 인테리어 소품이나 방 꾸미기 영상을 보며 대리 만족을 느끼는 시간을 가장 아낍니다. 거창한 예술 작품 전시회보다는 집안 분위기를 바꿀 수 있는 아기자기한 조명이나 소품 하나를 직접 골라 배치하는 감각적인 재미에 끌립니다.,"박형은 씨는 빡빡한 여행 일정표를 짜기보다 발길 닿는 대로 움직이는 여행을 즐기며, 주로 친한 친구나 남편과 함께 온천이나 스파 리조트를 찾아 느긋하게 쉬다 오는 짧은 여행을 떠납니다. 낯선 곳의 유명 관광지를 모두 섭렵하기보다 숙소 근처의 조용한 식당에서 맛있는 음식을 먹고 푹 자는 휴양형 여행에 만족합니다.","박형은 씨는 일주일에 네 번 이상 외식을 하고 배달 앱을 자주 이용하며, 특히 퇴근길에 포장해오는 마제소바나 입안에서 녹는 연어 초밥 같은 일식 메뉴에 입맛이 까다로운 편입니다. 한식을 먹을 때는 고기구이 대신 정갈한 나물 비빔밥이나 칼칼한 된장찌개 같은 깔끔한 상차림을 선택하며, 식사 후에는 꼭 달콤한 디저트를 챙겨 먹습니다.","박형은 씨는 남편과 서로의 성격을 잘 이해하며 다정하게 지내고, 주말이면 시간을 내어 친정 부모님 댁을 방문해 시시콜콜한 일상을 나누며 정을 쌓습니다. 집안일 분담에 있어 엄격하게 규칙을 정하기보다 서로 상황에 맞춰 유연하게 돕는 편이며, 가끔은 남편과 함께 배달 음식을 시켜 놓고 늦게까지 TV를 보며 낄낄거리는 시간을 즐깁니다.","박형은 씨는 울산 공단 현장의 능숙한 감각과 털털한 성격을 가진 30대 직장인으로, 사람들과 어울리는 즐거움과 온천욕 같은 정적인 휴식을 동시에 추구하는 인물입니다.","울산 남구 삼산동의 활기찬 분위기 속에서 자라나며 대규모 공단이 일상의 배경이 된 환경에 익숙합니다. 전문대학 시절부터 맺어온 동네 친구들과 여전히 끈끈하게 지내며, 격식 없는 편안한 관계 속에서 소속감을 느끼는 지역 정서를 가지고 있습니다.","조립 라인의 기계 소리만 들어도 어디서 병목 현상이 생겼는지 금방 알아채는 현장 감각이 뛰어납니다. 복잡한 매뉴얼을 외우기보다 몸으로 익힌 숙련도로 빠르게 대처하며, 동료들이 어려워하는 기계 조작법을 알기 쉽게 설명해 주는 능력이 좋습니다.","['자동 조립 설비 가동 및 모니터링', '라인 공정 오류 즉각 대응', '생산 설비 기본 유지보수', '신입 작업자 실무 교육']","주말이면 남편과 함께 근처 온천으로 짧은 여행을 떠나 뭉친 근육을 풉니다. 퇴근 후에는 마제소바나 초밥을 시켜 먹으며 유튜브에서 최신 인테리어 소품 영상을 구경하거나, 아무 생각 없이 멍하게 시간을 보내며 에너지를 충전합니다.","['울산 인근 온천 및 스파 방문', '유튜브 인테리어 및 소품 영상 시청', '삼산동 일식 맛집 탐방', '친구들과의 즉흥적인 번개 모임']","현장에서의 숙련도를 인정받아 동료들에게 신뢰받는 선임 작업자가 되는 것을 목표로 합니다. 꼼꼼한 서류 작업이 요구되는 관리직으로의 승진보다는, 현장의 흐름을 유연하게 조율하며 유쾌하게 협업하는 환경을 유지하는 것에 만족합니다.",여자,33,배우자있음,비현역,배우자와 거주,아파트,2~3년제 전문대학,해당없음,자동 조립라인 조작원,울산-남구,울산,대한민국
ed36d714-c6f3-5d4d-badc-1f8f3c924da4,openrouter/anthropic/claude-haiku-4.5,exhibition_appeal,2026-04,42,4.661,2026-04-28T21:26:56,ed36d714-c6f3-5d4d-badc-1f8f3c924da4_openrouter_anthropic_claude-haiku-4.5_20260428T212656.json,2,no,시민 사진 공모 코너 - 일반인 사진이라 더 솔직하고 친근할 것 같음,서울 1990년대라는 게 내 인생과 별로 안 맞는 느낌. 울산에서 자라났고 지금도 울산에 사는데 서울 옛날 사진을 보면서 뭘 느껴야 할지 모르겠음,"솔직히 서울 도시 역사 같은 건 별로 관심 없고, 인터뷰 영상도 길어 보이고... 차라리 집에서 유튜브로 인테리어 영상 보는 게 더 재밌을 것 같아요. 가족이랑 온천 가는 게 훨씬 나을 듯. 5천 원이 비싼 건 아니지만 굳이 서울까지 가서 봐야 하나 싶어요.",1849ebf444fe48c7a895088dc54f8fdb,"박형은 씨는 울산 남구의 자동차 부품 공장에서 기계 소음만으로도 어느 공정에서 병목 현상이 생겼는지 단번에 잡아내는 숙련된 조립 라인 조작원입니다. 복잡한 매뉴얼을 정독하기보다 몸으로 익힌 감각을 믿으며, 후배들이 쩔쩔매는 기계 오작동을 툭툭 쳐서 해결해주고는 시원하게 웃어 보이는 현장의 해결사 역할을 합니다.","박형은 씨는 격렬한 운동보다는 따뜻한 물에 몸을 담그는 정적인 휴식을 즐기며, 주말이면 남편과 함께 인근 온천을 찾아 굳은 어깨와 허리 근육을 푸는 것으로 일주일의 피로를 씻어냅니다. 특별한 운동 계획을 세우기보다 기분 전환 삼아 동네 산책을 하다가도 눈에 띄는 예쁜 가게가 보이면 바로 발걸음을 멈추는 유연한 일상을 보냅니다.",박형은 씨는 퇴근 후 소파에 깊숙이 파묻혀 유튜브에서 북유럽풍 인테리어 소품이나 방 꾸미기 영상을 보며 대리 만족을 느끼는 시간을 가장 아낍니다. 거창한 예술 작품 전시회보다는 집안 분위기를 바꿀 수 있는 아기자기한 조명이나 소품 하나를 직접 골라 배치하는 감각적인 재미에 끌립니다.,"박형은 씨는 빡빡한 여행 일정표를 짜기보다 발길 닿는 대로 움직이는 여행을 즐기며, 주로 친한 친구나 남편과 함께 온천이나 스파 리조트를 찾아 느긋하게 쉬다 오는 짧은 여행을 떠납니다. 낯선 곳의 유명 관광지를 모두 섭렵하기보다 숙소 근처의 조용한 식당에서 맛있는 음식을 먹고 푹 자는 휴양형 여행에 만족합니다.","박형은 씨는 일주일에 네 번 이상 외식을 하고 배달 앱을 자주 이용하며, 특히 퇴근길에 포장해오는 마제소바나 입안에서 녹는 연어 초밥 같은 일식 메뉴에 입맛이 까다로운 편입니다. 한식을 먹을 때는 고기구이 대신 정갈한 나물 비빔밥이나 칼칼한 된장찌개 같은 깔끔한 상차림을 선택하며, 식사 후에는 꼭 달콤한 디저트를 챙겨 먹습니다.","박형은 씨는 남편과 서로의 성격을 잘 이해하며 다정하게 지내고, 주말이면 시간을 내어 친정 부모님 댁을 방문해 시시콜콜한 일상을 나누며 정을 쌓습니다. 집안일 분담에 있어 엄격하게 규칙을 정하기보다 서로 상황에 맞춰 유연하게 돕는 편이며, 가끔은 남편과 함께 배달 음식을 시켜 놓고 늦게까지 TV를 보며 낄낄거리는 시간을 즐깁니다.","박형은 씨는 울산 공단 현장의 능숙한 감각과 털털한 성격을 가진 30대 직장인으로, 사람들과 어울리는 즐거움과 온천욕 같은 정적인 휴식을 동시에 추구하는 인물입니다.","울산 남구 삼산동의 활기찬 분위기 속에서 자라나며 대규모 공단이 일상의 배경이 된 환경에 익숙합니다. 전문대학 시절부터 맺어온 동네 친구들과 여전히 끈끈하게 지내며, 격식 없는 편안한 관계 속에서 소속감을 느끼는 지역 정서를 가지고 있습니다.","조립 라인의 기계 소리만 들어도 어디서 병목 현상이 생겼는지 금방 알아채는 현장 감각이 뛰어납니다. 복잡한 매뉴얼을 외우기보다 몸으로 익힌 숙련도로 빠르게 대처하며, 동료들이 어려워하는 기계 조작법을 알기 쉽게 설명해 주는 능력이 좋습니다.","['자동 조립 설비 가동 및 모니터링', '라인 공정 오류 즉각 대응', '생산 설비 기본 유지보수', '신입 작업자 실무 교육']","주말이면 남편과 함께 근처 온천으로 짧은 여행을 떠나 뭉친 근육을 풉니다. 퇴근 후에는 마제소바나 초밥을 시켜 먹으며 유튜브에서 최신 인테리어 소품 영상을 구경하거나, 아무 생각 없이 멍하게 시간을 보내며 에너지를 충전합니다.","['울산 인근 온천 및 스파 방문', '유튜브 인테리어 및 소품 영상 시청', '삼산동 일식 맛집 탐방', '친구들과의 즉흥적인 번개 모임']","현장에서의 숙련도를 인정받아 동료들에게 신뢰받는 선임 작업자가 되는 것을 목표로 합니다. 꼼꼼한 서류 작업이 요구되는 관리직으로의 승진보다는, 현장의 흐름을 유연하게 조율하며 유쾌하게 협업하는 환경을 유지하는 것에 만족합니다.",여자,33,배우자있음,비현역,배우자와 거주,아파트,2~3년제 전문대학,해당없음,자동 조립라인 조작원,울산-남구,울산,대한민국
ed36d714-c6f3-5d4d-badc-1f8f3c924da4,openrouter/openai/gpt-5-mini,exhibition_appeal,2026-04,42,27.511,2026-04-28T21:27:24,ed36d714-c6f3-5d4d-badc-1f8f3c924da4_openrouter_openai_gpt-5-mini_20260428T212724.json,3,maybe,가족 앨범·편지·엽서 같은 일상 기록,서울까지 일부러 가기 번거로움,"90년대 서울이라는 주제와 시민들의 일상 기록(가족 앨범, 편지, 엽서 등)은 솔직히 궁금하고 사진·지도 비교 같은 아카이브적 볼거리가 끌립니다. 다만 저는 울산에 살고 평일에 쉴 시간이 많지 않아 굳이 서울까지 일부러 가기는 부담이에요. 사진 위주에 인터뷰가 짧으면 금방 보고 나오기 쉬워서, 전시 연출이나 체험 프로그램이 있어야 시간을 내서 갈 것 같습니다.",1849ebf444fe48c7a895088dc54f8fdb,"박형은 씨는 울산 남구의 자동차 부품 공장에서 기계 소음만으로도 어느 공정에서 병목 현상이 생겼는지 단번에 잡아내는 숙련된 조립 라인 조작원입니다. 복잡한 매뉴얼을 정독하기보다 몸으로 익힌 감각을 믿으며, 후배들이 쩔쩔매는 기계 오작동을 툭툭 쳐서 해결해주고는 시원하게 웃어 보이는 현장의 해결사 역할을 합니다.","박형은 씨는 격렬한 운동보다는 따뜻한 물에 몸을 담그는 정적인 휴식을 즐기며, 주말이면 남편과 함께 인근 온천을 찾아 굳은 어깨와 허리 근육을 푸는 것으로 일주일의 피로를 씻어냅니다. 특별한 운동 계획을 세우기보다 기분 전환 삼아 동네 산책을 하다가도 눈에 띄는 예쁜 가게가 보이면 바로 발걸음을 멈추는 유연한 일상을 보냅니다.",박형은 씨는 퇴근 후 소파에 깊숙이 파묻혀 유튜브에서 북유럽풍 인테리어 소품이나 방 꾸미기 영상을 보며 대리 만족을 느끼는 시간을 가장 아낍니다. 거창한 예술 작품 전시회보다는 집안 분위기를 바꿀 수 있는 아기자기한 조명이나 소품 하나를 직접 골라 배치하는 감각적인 재미에 끌립니다.,"박형은 씨는 빡빡한 여행 일정표를 짜기보다 발길 닿는 대로 움직이는 여행을 즐기며, 주로 친한 친구나 남편과 함께 온천이나 스파 리조트를 찾아 느긋하게 쉬다 오는 짧은 여행을 떠납니다. 낯선 곳의 유명 관광지를 모두 섭렵하기보다 숙소 근처의 조용한 식당에서 맛있는 음식을 먹고 푹 자는 휴양형 여행에 만족합니다.","박형은 씨는 일주일에 네 번 이상 외식을 하고 배달 앱을 자주 이용하며, 특히 퇴근길에 포장해오는 마제소바나 입안에서 녹는 연어 초밥 같은 일식 메뉴에 입맛이 까다로운 편입니다. 한식을 먹을 때는 고기구이 대신 정갈한 나물 비빔밥이나 칼칼한 된장찌개 같은 깔끔한 상차림을 선택하며, 식사 후에는 꼭 달콤한 디저트를 챙겨 먹습니다.","박형은 씨는 남편과 서로의 성격을 잘 이해하며 다정하게 지내고, 주말이면 시간을 내어 친정 부모님 댁을 방문해 시시콜콜한 일상을 나누며 정을 쌓습니다. 집안일 분담에 있어 엄격하게 규칙을 정하기보다 서로 상황에 맞춰 유연하게 돕는 편이며, 가끔은 남편과 함께 배달 음식을 시켜 놓고 늦게까지 TV를 보며 낄낄거리는 시간을 즐깁니다.","박형은 씨는 울산 공단 현장의 능숙한 감각과 털털한 성격을 가진 30대 직장인으로, 사람들과 어울리는 즐거움과 온천욕 같은 정적인 휴식을 동시에 추구하는 인물입니다.","울산 남구 삼산동의 활기찬 분위기 속에서 자라나며 대규모 공단이 일상의 배경이 된 환경에 익숙합니다. 전문대학 시절부터 맺어온 동네 친구들과 여전히 끈끈하게 지내며, 격식 없는 편안한 관계 속에서 소속감을 느끼는 지역 정서를 가지고 있습니다.","조립 라인의 기계 소리만 들어도 어디서 병목 현상이 생겼는지 금방 알아채는 현장 감각이 뛰어납니다. 복잡한 매뉴얼을 외우기보다 몸으로 익힌 숙련도로 빠르게 대처하며, 동료들이 어려워하는 기계 조작법을 알기 쉽게 설명해 주는 능력이 좋습니다.","['자동 조립 설비 가동 및 모니터링', '라인 공정 오류 즉각 대응', '생산 설비 기본 유지보수', '신입 작업자 실무 교육']","주말이면 남편과 함께 근처 온천으로 짧은 여행을 떠나 뭉친 근육을 풉니다. 퇴근 후에는 마제소바나 초밥을 시켜 먹으며 유튜브에서 최신 인테리어 소품 영상을 구경하거나, 아무 생각 없이 멍하게 시간을 보내며 에너지를 충전합니다.","['울산 인근 온천 및 스파 방문', '유튜브 인테리어 및 소품 영상 시청', '삼산동 일식 맛집 탐방', '친구들과의 즉흥적인 번개 모임']","현장에서의 숙련도를 인정받아 동료들에게 신뢰받는 선임 작업자가 되는 것을 목표로 합니다. 꼼꼼한 서류 작업이 요구되는 관리직으로의 승진보다는, 현장의 흐름을 유연하게 조율하며 유쾌하게 협업하는 환경을 유지하는 것에 만족합니다.",여자,33,배우자있음,비현역,배우자와 거주,아파트,2~3년제 전문대학,해당없음,자동 조립라인 조작원,울산-남구,울산,대한민국
