persona_uuid,model_id,ok,elapsed_sec,raw_json,error,resp_q1_docent_experience,resp_q2_helpfulness,resp_q3_interference,resp_q4_preferred_style,resp_q5_free_response
462a0252-6cb7-5f1d-93d4-fa9a6f9f18ef,openrouter/nousresearch/hermes-4-70b,True,3.19,"{
  ""q1_docent_experience"": ""1"",
  ""q2_helpfulness"": ""2"",
  ""q3_interference"": ""4"",
  ""q4_preferred_style"": ""작가 창작 과정 중심 해설"",
  ""q5_free_response"": ""도슨트 해설이 나만의 생각을 방해하는 건 싫어하지만, 작품 제작 과정을 배우는 건 나름 유익해. 그런데 특정 해석을 강요하는 건 별로야.""
}",,1,2,4,작가 창작 과정 중심 해설,"도슨트 해설이 나만의 생각을 방해하는 건 싫어하지만, 작품 제작 과정을 배우는 건 나름 유익해. 그런데 특정 해석을 강요하는 건 별로야."
bac52ff0-8afa-5ee5-a899-bd342e2282ee,openrouter/nousresearch/hermes-4-70b,True,1.91,"{
  ""q1_docent_experience"": ""2"",
  ""q2_helpfulness"": ""2"",
  ""q3_interference"": ""4"",
  ""q4_preferred_style"": ""선호 없음"",
  ""q5_free_response"": ""도슨트 해설이 작품을 내가 직접 느끼는 감상보다 특정 방식으로 설명하려고 하니까, 오히려 내가 느끼는 걸 방해하는 것 같아. 나만의 생각을 하기보다는 그냥 그 사람이 말하는 거 듣기 싫어.""
}",,2,2,4,선호 없음,"도슨트 해설이 작품을 내가 직접 느끼는 감상보다 특정 방식으로 설명하려고 하니까, 오히려 내가 느끼는 걸 방해하는 것 같아. 나만의 생각을 하기보다는 그냥 그 사람이 말하는 거 듣기 싫어."
ca9e791a-9486-59d6-9d0f-94ce168ed4dd,openrouter/nousresearch/hermes-4-70b,True,4.9,"{
  ""q1_docent_experience"": ""3"",
  ""q2_helpfulness"": ""3"",
  ""q3_interference"": ""2"",
  ""q4_preferred_style"": ""작가 창작 과정 중심 해설"",
  ""q5_free_response"": ""작품을 보는 시각을 확장해주는 데 도움이 되고, 전문가의 해석을 들어보며 나만의 생각을 깊이있게 할 수 있다면 좋은 해설이다. 그러나 꼭 나의 생각을 지배하거나 독창성을 억제하는 해설보다는 작품 배경이나 창작 의도를 알려주는 것에 중점을 두는 게 중요하다고 본다.""
}",,3,3,2,작가 창작 과정 중심 해설,"작품을 보는 시각을 확장해주는 데 도움이 되고, 전문가의 해석을 들어보며 나만의 생각을 깊이있게 할 수 있다면 좋은 해설이다. 그러나 꼭 나의 생각을 지배하거나 독창성을 억제하는 해설보다는 작품 배경이나 창작 의도를 알려주는 것에 중점을 두는 게 중요하다고 본다."
13245644-cef0-52ba-898c-5b46692704fa,openrouter/nousresearch/hermes-4-70b,True,1.76,"{
  ""q1_docent_experience"": 2,
  ""q2_helpfulness"": 3,
  ""q3_interference"": 2,
  ""q4_preferred_style"": ""작가 창작 과정 중심 해설"",
  ""q5_free_response"": ""작품을 만든 작가의 현실과 생각을 들려주는 게 좋아요. 그림이 어떻게 만들어졌는지, 왜 그런 색깔을 쓴 건지 알게 되면 더 공감이 가거든요.""
}",,2,3,2,작가 창작 과정 중심 해설,"작품을 만든 작가의 현실과 생각을 들려주는 게 좋아요. 그림이 어떻게 만들어졌는지, 왜 그런 색깔을 쓴 건지 알게 되면 더 공감이 가거든요."
6d4aa493-603f-542d-a7ae-3155e60f4354,openrouter/nousresearch/hermes-4-70b,True,1.75,"{
  ""q1_docent_experience"": ""2"",
  ""q2_helpfulness"": ""4"",
  ""q3_interference"": ""2"",
  ""q4_preferred_style"": ""작가 창작 과정 중심 해설"",
  ""q5_free_response"": ""작가의 창작 배경과 제작 과정을 명확히 설명해주는 것이 가장 중요해요. 특히 기술적인 부분을 알기 쉬운 언어로 전달할 때 작품에 대한 이해가 더 깊어지는 것 같아요.""
}",,2,4,2,작가 창작 과정 중심 해설,작가의 창작 배경과 제작 과정을 명확히 설명해주는 것이 가장 중요해요. 특히 기술적인 부분을 알기 쉬운 언어로 전달할 때 작품에 대한 이해가 더 깊어지는 것 같아요.
cbc64e10-de9f-59a3-b997-8c2a8267dc57,openrouter/nousresearch/hermes-4-70b,True,2.88,"{
  ""q1_docent_experience"": ""2"",
  ""q2_helpfulness"": ""4"",
  ""q3_interference"": ""3"",
  ""q4_preferred_style"": ""작가 창작 과정 중심 해설"",
  ""q5_free_response"": ""작가의 창작 배경과 작업 과정이 가장 중요해요. 작품 자체만 보는 것보다 창작자의 사고 과정과 영감을 들으면 더 깊은 이해가 되고, 나만의 감상도 풍부해져요. 오로지 작품 해석을 강요하지 않고 창작자의 내면을 전달할 때 가장 좋은 것 같아요.""
}",,2,4,3,작가 창작 과정 중심 해설,"작가의 창작 배경과 작업 과정이 가장 중요해요. 작품 자체만 보는 것보다 창작자의 사고 과정과 영감을 들으면 더 깊은 이해가 되고, 나만의 감상도 풍부해져요. 오로지 작품 해석을 강요하지 않고 창작자의 내면을 전달할 때 가장 좋은 것 같아요."
5dc2ed82-443c-5dec-a7fe-f3903ad4c153,openrouter/nousresearch/hermes-4-70b,True,2.45,"{
  ""q1_docent_experience"": ""3"",
  ""q2_helpfulness"": ""4"",
  ""q3_interference"": ""2"",
  ""q4_preferred_style"": ""작가 창작 과정 중심 해설"",
  ""q5_free_response"": ""도슨트 해설은 작품에 생명을 불어넣어주어 그림을 보는 내 눈이 달라지는 거 같아요. 특히 작가가 왜 이 작품을 그렸는지, 어떤 고민을 하며 그림을 그렸는지 알게 되면 더 깊이 공감할 수 있어 좋네요. 다만, 설명이 너무 길거나 복잡하면 집중하기 어려워져서 간결하면서도 핵심을 잘 전달해주는 해설이 가장 좋은 것 같아요.""
}",,3,4,2,작가 창작 과정 중심 해설,"도슨트 해설은 작품에 생명을 불어넣어주어 그림을 보는 내 눈이 달라지는 거 같아요. 특히 작가가 왜 이 작품을 그렸는지, 어떤 고민을 하며 그림을 그렸는지 알게 되면 더 깊이 공감할 수 있어 좋네요. 다만, 설명이 너무 길거나 복잡하면 집중하기 어려워져서 간결하면서도 핵심을 잘 전달해주는 해설이 가장 좋은 것 같아요."
1efe567d-eac9-57d2-9675-e55395098f60,openrouter/nousresearch/hermes-4-70b,True,1.86,"{
  ""q1_docent_experience"": ""2"",
  ""q2_helpfulness"": ""4"",
  ""q3_interference"": ""2"",
  ""q4_preferred_style"": ""스토리텔링·서사 중심 해설"",
  ""q5_free_response"": ""작품의 배경과 숨겨진 이야기를 생생하게 전달해주는 도슨트 해설이 좋아요. 복지 전공자라서 그런지 사람들의 삶과 사회적 맥락을 담은 스토리가 공감되고 더 깊이 들어가게 해줘요.""
}",,2,4,2,스토리텔링·서사 중심 해설,작품의 배경과 숨겨진 이야기를 생생하게 전달해주는 도슨트 해설이 좋아요. 복지 전공자라서 그런지 사람들의 삶과 사회적 맥락을 담은 스토리가 공감되고 더 깊이 들어가게 해줘요.
0c7b4423-ea6b-5aa0-bd63-09ab51d30d7c,openrouter/nousresearch/hermes-4-70b,True,1.55,"{
  ""q1_docent_experience"": ""2"",
  ""q2_helpfulness"": ""3"",
  ""q3_interference"": ""3"",
  ""q4_preferred_style"": ""작가 창작 과정 중심 해설"",
  ""q5_free_response"": ""작품 해석에 대한 객관적 사실 제공이 중요합니다. 너무 주관적인 해석보다는 작품의 배경이나 제작 과정을 중립적으로 전달하는 게 좋아요.""
}",,2,3,3,작가 창작 과정 중심 해설,작품 해석에 대한 객관적 사실 제공이 중요합니다. 너무 주관적인 해석보다는 작품의 배경이나 제작 과정을 중립적으로 전달하는 게 좋아요.
90b96a22-d632-5c65-870b-5669b4361c3c,openrouter/nousresearch/hermes-4-70b,True,1.63,"{
  ""q1_docent_experience"": ""2"",
  ""q2_helpfulness"": ""4"",
  ""q3_interference"": ""3"",
  ""q4_preferred_style"": ""스토리텔링·서사 중심 해설"",
  ""q5_free_response"": ""작품을 보는 새로운 시각을 열어주고, 예술작품에 대한 이해를 깊게 해주는 것. 단순히 정보 전달이 아닌 감성이 있는 해설이 좋아요.""
}",,2,4,3,스토리텔링·서사 중심 해설,"작품을 보는 새로운 시각을 열어주고, 예술작품에 대한 이해를 깊게 해주는 것. 단순히 정보 전달이 아닌 감성이 있는 해설이 좋아요."
7401fff0-1d3e-5cf0-a3f7-0ac4da0d5fc8,openrouter/nousresearch/hermes-4-70b,True,2.57,"{
  ""q1_docent_experience"": ""3"",
  ""q2_helpfulness"": ""3"",
  ""q3_interference"": ""2"",
  ""q4_preferred_style"": ""사회·역사적 맥락 중심 해설"",
  ""q5_free_response"": ""도슨트 해설에서 가장 중요한 점은 작품을 이해하는 데 필요한 맥락과 역사적 배경을 명확하게 설명하는 것입니다. 이를 통해 작품을 보다 깊이 있게 감상할 수 있게 되죠.""
}",,3,3,2,사회·역사적 맥락 중심 해설,도슨트 해설에서 가장 중요한 점은 작품을 이해하는 데 필요한 맥락과 역사적 배경을 명확하게 설명하는 것입니다. 이를 통해 작품을 보다 깊이 있게 감상할 수 있게 되죠.
00b03d9c-30e4-56eb-bb67-ebfdb8cf09c4,openrouter/nousresearch/hermes-4-70b,True,1.61,"{
  ""q1_docent_experience"": 3,
  ""q2_helpfulness"": 4,
  ""q3_interference"": 1,
  ""q4_preferred_style"": ""작가 창작 과정 중심 해설"",
  ""q5_free_response"": ""작품을 만든 이의 숨겨진 이야기와 감정을 전하는 게 가장 중요해요. 그런 게 없으면 그림은 그림일 뿐이잖아요?""
}",,3,4,1,작가 창작 과정 중심 해설,작품을 만든 이의 숨겨진 이야기와 감정을 전하는 게 가장 중요해요. 그런 게 없으면 그림은 그림일 뿐이잖아요?
537c4cd1-bcfe-5f87-9669-4e5d533c9fb4,openrouter/nousresearch/hermes-4-70b,True,1.51,"{
  ""q1_docent_experience"": ""3"",
  ""q2_helpfulness"": ""3"",
  ""q3_interference"": ""2"",
  ""q4_preferred_style"": ""사회·역사적 맥락 중심 해설"",
  ""q5_free_response"": ""작품의 배경과 역사적 맥락을 자세히 설명해 주는 것이 가장 중요하다고 생각합니다.""
}",,3,3,2,사회·역사적 맥락 중심 해설,작품의 배경과 역사적 맥락을 자세히 설명해 주는 것이 가장 중요하다고 생각합니다.
b6140e03-fe09-5392-b84d-a94f10d06745,openrouter/nousresearch/hermes-4-70b,True,2.06,"{
  ""q1_docent_experience"": ""1"",
  ""q2_helpfulness"": ""2"",
  ""q3_interference"": ""4"",
  ""q4_preferred_style"": ""선호 없음"",
  ""q5_free_response"": ""도슨트 해설을 필요 없다. 그림은 눈으로 보고 마음으로 느끼는 게 좋은 거지. 누가 설명해줘야만 소름이 돋는 건 아니라고 생각해.""
}",,1,2,4,선호 없음,도슨트 해설을 필요 없다. 그림은 눈으로 보고 마음으로 느끼는 게 좋은 거지. 누가 설명해줘야만 소름이 돋는 건 아니라고 생각해.
360e213e-f83b-5a20-a444-a7689d2b160f,openrouter/nousresearch/hermes-4-70b,True,2.22,"{
  ""q1_docent_experience"": ""2"",
  ""q2_helpfulness"": ""3"",
  ""q3_interference"": ""3"",
  ""q4_preferred_style"": ""스토리텔링·서사 중심 해설"",
  ""q5_free_response"": ""작품에 담긴 작가의 숨은 이야기를 어린이 같은 순수한 시선으로 전달할 때 가장 감동적인 해설이에요. 복잡한 이론보다 공감할 수 있는 감정의 연결고리가 중요해요.""
}",,2,3,3,스토리텔링·서사 중심 해설,작품에 담긴 작가의 숨은 이야기를 어린이 같은 순수한 시선으로 전달할 때 가장 감동적인 해설이에요. 복잡한 이론보다 공감할 수 있는 감정의 연결고리가 중요해요.
eccf4cc1-90a1-5293-9d14-68e00ca9ed1c,openrouter/nousresearch/hermes-4-70b,True,1.69,"{
  ""q1_docent_experience"": ""1"",
  ""q2_helpfulness"": ""1"",
  ""q3_interference"": ""5"",
  ""q4_preferred_style"": ""선호 없음"",
  ""q5_free_response"": ""작품을 직접 보는 게 제일 중요해요. 도슨트 들을 시간에 그냥 눈에 보이는 대로 느끼는 게 더 솔직하거든요.""
}",,1,1,5,선호 없음,작품을 직접 보는 게 제일 중요해요. 도슨트 들을 시간에 그냥 눈에 보이는 대로 느끼는 게 더 솔직하거든요.
af56fa30-cc3b-5f5d-9b6c-8148458e72f0,openrouter/nousresearch/hermes-4-70b,True,1.5,"{
  ""q1_docent_experience"": ""2"",
  ""q2_helpfulness"": ""3"",
  ""q3_interference"": ""2"",
  ""q4_preferred_style"": ""작가 창작 과정 중심 해설"",
  ""q5_free_response"": ""작가의 창작 배경과 작품 제작 과정이 가장 중요합니다. 이 내용을 통해 작품이 만들어진 맥락과 작가의 의도를 이해할 수 있기 때문입니다.""
}",,2,3,2,작가 창작 과정 중심 해설,작가의 창작 배경과 작품 제작 과정이 가장 중요합니다. 이 내용을 통해 작품이 만들어진 맥락과 작가의 의도를 이해할 수 있기 때문입니다.
a1f2fdb2-d277-5276-9a54-504fba9c996b,openrouter/nousresearch/hermes-4-70b,True,1.89,"{
  ""q1_docent_experience"": ""2"",
  ""q2_helpfulness"": ""4"",
  ""q3_interference"": ""2"",
  ""q4_preferred_style"": ""스토리텔링·서사 중심 해설"",
  ""q5_free_response"": ""작품 해석에 얽매이지 않고, 해석자가 작품과 소통한 순간의 감동을 공유하는 게 가장 중요해요. 그런 순간에 나만의 공감이 생기거든요.""
}",,2,4,2,스토리텔링·서사 중심 해설,"작품 해석에 얽매이지 않고, 해석자가 작품과 소통한 순간의 감동을 공유하는 게 가장 중요해요. 그런 순간에 나만의 공감이 생기거든요."
c368c3e0-982e-5dd8-97d8-781dbc6ab929,openrouter/nousresearch/hermes-4-70b,True,2.25,"{
  ""q1_docent_experience"": ""2"",
  ""q2_helpfulness"": ""4"",
  ""q3_interference"": ""2"",
  ""q4_preferred_style"": ""작가 창작 과정 중심 해설"",
  ""q5_free_response"": ""도슨트 해설에서 가장 중요하게 생각하는 것은 작품이 지닌 숨은 맥락과 창작자의 의도에 집중하는 것입니다. 이는 단순한 설명을 넘어 작품 속에 깃든 숨은 이야기를 전달하는 것이며, 나도 한옥 건축가로서 작품의 배후에 숨어 있는 철학과 정신을 중요시하듯이 도슨트 역시 작품의 정서를 생생하게 전달해야 한다고 생각합니다.""
}",,2,4,2,작가 창작 과정 중심 해설,"도슨트 해설에서 가장 중요하게 생각하는 것은 작품이 지닌 숨은 맥락과 창작자의 의도에 집중하는 것입니다. 이는 단순한 설명을 넘어 작품 속에 깃든 숨은 이야기를 전달하는 것이며, 나도 한옥 건축가로서 작품의 배후에 숨어 있는 철학과 정신을 중요시하듯이 도슨트 역시 작품의 정서를 생생하게 전달해야 한다고 생각합니다."
f245f3ce-d6cf-5e2b-8054-be2db30fe57d,openrouter/nousresearch/hermes-4-70b,True,1.46,"{
  ""q1_docent_experience"": ""2"",
  ""q2_helpfulness"": ""4"",
  ""q3_interference"": ""2"",
  ""q4_preferred_style"": ""작가 창작 과정 중심 해설"",
  ""q5_free_response"": ""작가의 창작 배경과 생각을 살짝 전달해 주면 작품의 숨은 이야기를 더 깊게 느끼게 되어 좋아요.""
}",,2,4,2,작가 창작 과정 중심 해설,작가의 창작 배경과 생각을 살짝 전달해 주면 작품의 숨은 이야기를 더 깊게 느끼게 되어 좋아요.
8556e342-79a2-533a-8c96-f9f9681d52d1,openrouter/nousresearch/hermes-4-70b,True,2.74,"{
  ""q1_docent_experience"": ""1"",
  ""q2_helpfulness"": ""4"",
  ""q3_interference"": ""2"",
  ""q4_preferred_style"": ""스토리텔링·서사 중심 해설"",
  ""q5_free_response"": ""도슨트 해설은 작품에 숨은 이야기를 들려주는 거죠. 그림만 보고는 알 수 없는 배경 이야기나 작가의 마음을 들을 수 있어서 좋아요. 단, 너무 딱딱하거나 지루하게 말하면 흥미가 떨어질 수 있으니, 쉽고 재미있게 설명해 주는 게 가장 중요하겠네요.""
}",,1,4,2,스토리텔링·서사 중심 해설,"도슨트 해설은 작품에 숨은 이야기를 들려주는 거죠. 그림만 보고는 알 수 없는 배경 이야기나 작가의 마음을 들을 수 있어서 좋아요. 단, 너무 딱딱하거나 지루하게 말하면 흥미가 떨어질 수 있으니, 쉽고 재미있게 설명해 주는 게 가장 중요하겠네요."
6e1ee091-37ab-54bd-9d42-bc4e97f3166c,openrouter/nousresearch/hermes-4-70b,True,1.77,"{
  ""q1_docent_experience"": ""2"",
  ""q2_helpfulness"": ""3"",
  ""q3_interference"": ""2"",
  ""q4_preferred_style"": ""사회·역사적 맥락 중심 해설"",
  ""q5_free_response"": ""작품을 만든 시대적 배경과 작가의 인생사가 작품을 이해하는 데 가장 중요하다고 생각합니다. 외래어 적은 설명보다는 우리나라 역사에 뿌리를 둔 이야기가 더 와 닿아요.""
}",,2,3,2,사회·역사적 맥락 중심 해설,작품을 만든 시대적 배경과 작가의 인생사가 작품을 이해하는 데 가장 중요하다고 생각합니다. 외래어 적은 설명보다는 우리나라 역사에 뿌리를 둔 이야기가 더 와 닿아요.
152bf14c-55e9-5d6f-8648-aeabc4d43cf7,openrouter/nousresearch/hermes-4-70b,True,3.06,"{
  ""q1_docent_experience"": ""2"",
  ""q2_helpfulness"": ""3"",
  ""q3_interference"": ""4"",
  ""q4_preferred_style"": ""선호 없음"",
  ""q5_free_response"": ""내가 작품을 처음 접했을 때 생긴 첫인상과 느낌이 제일 소중하거든요. 도슨트 해설은 그런 내 생각을 방해할 수도 있으니, 작품을 혼자서 조용히 마주하고 나중에 간단한 설명만 듣는 게 제 스타일이에요.""
}",,2,3,4,선호 없음,"내가 작품을 처음 접했을 때 생긴 첫인상과 느낌이 제일 소중하거든요. 도슨트 해설은 그런 내 생각을 방해할 수도 있으니, 작품을 혼자서 조용히 마주하고 나중에 간단한 설명만 듣는 게 제 스타일이에요."
688a18a1-7ab3-5a61-9b58-0aba3e81c8e1,openrouter/nousresearch/hermes-4-70b,True,1.79,"{
  ""q1_docent_experience"": ""2"",
  ""q2_helpfulness"": ""4"",
  ""q3_interference"": ""2"",
  ""q4_preferred_style"": ""작가 창작 과정 중심 해설"",
  ""q5_free_response"": ""작가의 창작 배경과 심리 상태가 작품에 어떻게 투영되었는지 알 수 있는 해설이 가장 중요하다. 이로써 작품이 단순한 이미지 넘어 인간의 내면을 탐구하는 창으로 다가올 수 있다.""
}",,2,4,2,작가 창작 과정 중심 해설,작가의 창작 배경과 심리 상태가 작품에 어떻게 투영되었는지 알 수 있는 해설이 가장 중요하다. 이로써 작품이 단순한 이미지 넘어 인간의 내면을 탐구하는 창으로 다가올 수 있다.
378ffb79-8590-505f-b046-b950435ef294,openrouter/nousresearch/hermes-4-70b,True,1.71,"{
  ""q1_docent_experience"": ""1"",
  ""q2_helpfulness"": ""1"",
  ""q3_interference"": ""3"",
  ""q4_preferred_style"": ""선호 없음"",
  ""q5_free_response"": ""작품에 대해 전문가가 설명하는 건 내 생각을 방해할 수 있어. 나만의 느낌이 중요하다고 보니까, 그런 해설이 필요 없을 것 같아.""
}",,1,1,3,선호 없음,"작품에 대해 전문가가 설명하는 건 내 생각을 방해할 수 있어. 나만의 느낌이 중요하다고 보니까, 그런 해설이 필요 없을 것 같아."
58e4e274-3335-5a31-976c-e55d2b155d1c,openrouter/nousresearch/hermes-4-70b,True,1.57,"{
  ""q1_docent_experience"": ""2"",
  ""q2_helpfulness"": ""3"",
  ""q3_interference"": ""2"",
  ""q4_preferred_style"": ""작가 창작 과정 중심 해설"",
  ""q5_free_response"": ""그 사람이 작품을 만드는 과정이 궁금해. 왜 그런 색깔을 썼는지, 어떤 생각을 하고 그렸는지 직접 들으면 더 마음이 가닭 같아.""
}",,2,3,2,작가 창작 과정 중심 해설,"그 사람이 작품을 만드는 과정이 궁금해. 왜 그런 색깔을 썼는지, 어떤 생각을 하고 그렸는지 직접 들으면 더 마음이 가닭 같아."
2756c2b9-2fa0-5e6c-8926-f6303597abba,openrouter/nousresearch/hermes-4-70b,True,1.81,"{
  ""q1_docent_experience"": ""2"",
  ""q2_helpfulness"": ""2"",
  ""q3_interference"": ""4"",
  ""q4_preferred_style"": ""선호 없음"",
  ""q5_free_response"": ""제 나이대는 그런 설명보다는 그림 자체의 느낌과 색채에 집중하는 게 좋아요. 설명을 들으면 그걸로 머리가 가득 차서 그림만을 바라볼 수 없거든요. 그냥 마음 가는 대로 그림을 보는 게 제 스탈이에요.""
}",,2,2,4,선호 없음,제 나이대는 그런 설명보다는 그림 자체의 느낌과 색채에 집중하는 게 좋아요. 설명을 들으면 그걸로 머리가 가득 차서 그림만을 바라볼 수 없거든요. 그냥 마음 가는 대로 그림을 보는 게 제 스탈이에요.
215436c8-83ab-551e-976c-143415e820d0,openrouter/nousresearch/hermes-4-70b,True,1.72,"{
  ""q1_docent_experience"": ""1"",
  ""q2_helpfulness"": ""3"",
  ""q3_interference"": ""3"",
  ""q4_preferred_style"": ""선호 없음"",
  ""q5_free_response"": ""그냥 눈에 보이는 대로 감상하는 게 제일인 것 같아요. 도슨트가 해석을 강요하면 내 맘대로 생각할 시간이 없어져서 더 불편해져요.""
}",,1,3,3,선호 없음,그냥 눈에 보이는 대로 감상하는 게 제일인 것 같아요. 도슨트가 해석을 강요하면 내 맘대로 생각할 시간이 없어져서 더 불편해져요.
16aee412-975b-5287-b608-3d96f57d28ea,openrouter/nousresearch/hermes-4-70b,True,1.64,"{
  ""q1_docent_experience"": ""3"",
  ""q2_helpfulness"": ""3"",
  ""q3_interference"": ""2"",
  ""q4_preferred_style"": ""스토리텔링·서사 중심 해설"",
  ""q5_free_response"": ""작품의 배경 스토리를 생생하게 전달해주는 게 중요해요. 떡 만드는 사람치고 예술 작품에 대한 이해가 더 깊어지는 게 느껴져서 좋아요.""
}",,3,3,2,스토리텔링·서사 중심 해설,작품의 배경 스토리를 생생하게 전달해주는 게 중요해요. 떡 만드는 사람치고 예술 작품에 대한 이해가 더 깊어지는 게 느껴져서 좋아요.
ede3f7c1-955f-50a4-b84c-bf2bab990e87,openrouter/nousresearch/hermes-4-70b,True,1.6,"{
  ""q1_docent_experience"": ""1"",
  ""q2_helpfulness"": ""3"",
  ""q3_interference"": ""4"",
  ""q4_preferred_style"": ""작가 창작 과정 중심 해설"",
  ""q5_free_response"": ""도슨트 해설은 작품의 배경을 설명해 주면 좋겠어요. 다만 자기 의견만 강요하지 말고, 우리가 직접 생각해 볼 시간을 주는 게 중요하겠죠.""
}",,1,3,4,작가 창작 과정 중심 해설,"도슨트 해설은 작품의 배경을 설명해 주면 좋겠어요. 다만 자기 의견만 강요하지 말고, 우리가 직접 생각해 볼 시간을 주는 게 중요하겠죠."
524e7648-9db0-53cf-b94b-e3c0e9ee23cd,openrouter/nousresearch/hermes-4-70b,True,1.78,"{
  ""q1_docent_experience"": ""3"",
  ""q2_helpfulness"": ""4"",
  ""q3_interference"": ""2"",
  ""q4_preferred_style"": ""작가 창작 과정 중심 해설"",
  ""q5_free_response"": ""작가의 창작 배경과 심리적 여정을 생생하게 전달해 주는 해설이 가장 좋습니다. 단순한 작품 설명보다는 창작자로서의 내면을 엿볼 수 있는 깊이감 있는 해설을 선호해요.""
}",,3,4,2,작가 창작 과정 중심 해설,작가의 창작 배경과 심리적 여정을 생생하게 전달해 주는 해설이 가장 좋습니다. 단순한 작품 설명보다는 창작자로서의 내면을 엿볼 수 있는 깊이감 있는 해설을 선호해요.
3b958248-f8e8-5dfb-b1f0-23b0f3d877a6,openrouter/nousresearch/hermes-4-70b,True,1.96,"{
  ""q1_docent_experience"": ""2"",
  ""q2_helpfulness"": ""2"",
  ""q3_interference"": ""3"",
  ""q4_preferred_style"": ""선호 없음"",
  ""q5_free_response"": ""도슨트 해설은 사실 기회가 드물었어요. 전 일단 작품을 눈으로 직접 보면서 느껴보는 걸 더 좋아하거든요. 그림은 그 사람이 느끼는 게 제일 중요한 것 같아요. 해설이 너무 세부적으로 설명하면 오히려 내 맘대로 생각할 공간이 줄어드는 것 같기도 해요.""
}",,2,2,3,선호 없음,도슨트 해설은 사실 기회가 드물었어요. 전 일단 작품을 눈으로 직접 보면서 느껴보는 걸 더 좋아하거든요. 그림은 그 사람이 느끼는 게 제일 중요한 것 같아요. 해설이 너무 세부적으로 설명하면 오히려 내 맘대로 생각할 공간이 줄어드는 것 같기도 해요.
e2742500-56cc-5042-8985-59d4a70212c7,openrouter/nousresearch/hermes-4-70b,True,2.03,"{
  ""q1_docent_experience"": ""2"",
  ""q2_helpfulness"": ""4"",
  ""q3_interference"": ""2"",
  ""q4_preferred_style"": ""사회·역사적 맥락 중심 해설"",
  ""q5_free_response"": ""도슨트 해설에서 가장 중요한 건 작품의 배경을 이해할 수 있는 정보를 제공하는 거야. 작품을 바라보는 시각을 풍부하게 해주고, 작가가 어떤 사회적 맥락에서 작품을 만든 건지 알게 되면 더 깊은 감상이 가능해져.""
}",,2,4,2,사회·역사적 맥락 중심 해설,"도슨트 해설에서 가장 중요한 건 작품의 배경을 이해할 수 있는 정보를 제공하는 거야. 작품을 바라보는 시각을 풍부하게 해주고, 작가가 어떤 사회적 맥락에서 작품을 만든 건지 알게 되면 더 깊은 감상이 가능해져."
de1b989f-d411-54ee-b6e8-da800f033bef,openrouter/nousresearch/hermes-4-70b,True,1.51,"{
  ""q1_docent_experience"": ""2"",
  ""q2_helpfulness"": ""3"",
  ""q3_interference"": ""2"",
  ""q4_preferred_style"": ""스토리텔링·서사 중심 해설"",
  ""q5_free_response"": ""작품 설명이 너무 지루하거나 길지 않으면서도 핵심을 잘 전달할 때 도움이 됩니다.""
}",,2,3,2,스토리텔링·서사 중심 해설,작품 설명이 너무 지루하거나 길지 않으면서도 핵심을 잘 전달할 때 도움이 됩니다.
0fc57c7f-c1f0-5e35-b84e-b986344d100f,openrouter/nousresearch/hermes-4-70b,True,2.8,"{
  ""q1_docent_experience"": 2,
  ""q2_helpfulness"": 3,
  ""q3_interference"": 2,
  ""q4_preferred_style"": ""스토리텔링·서사 중심 해설"",
  ""q5_free_response"": ""박물관에서 도슨트 해설이 작품의 배경 스토리를 알려주면 더 흥미롭게 볼 수 있다는 점이 중요해. 그들의 말에 따라 작품이 살아 움직이는 것 같아서 좋아요.""
}",,2,3,2,스토리텔링·서사 중심 해설,박물관에서 도슨트 해설이 작품의 배경 스토리를 알려주면 더 흥미롭게 볼 수 있다는 점이 중요해. 그들의 말에 따라 작품이 살아 움직이는 것 같아서 좋아요.
a9c4d7e0-ae34-59be-9cd0-ecf4a3c91521,openrouter/nousresearch/hermes-4-70b,True,1.75,"{
  ""q1_docent_experience"": 2,
  ""q2_helpfulness"": 4,
  ""q3_interference"": 2,
  ""q4_preferred_style"": ""스토리텔링·서사 중심 해설"",
  ""q5_free_response"": ""작품 해석에 대한 독창성을 살리는 동시에, 감상 시간을 풍부하게 만드는 해설자의 열정이 중요해요. 단순한 정보 전달보다는 참여형 감상 경험을 선사해 주는 게 좋죠.""
}",,2,4,2,스토리텔링·서사 중심 해설,"작품 해석에 대한 독창성을 살리는 동시에, 감상 시간을 풍부하게 만드는 해설자의 열정이 중요해요. 단순한 정보 전달보다는 참여형 감상 경험을 선사해 주는 게 좋죠."
b7ec624c-ee7d-555d-b147-97b459376adc,openrouter/nousresearch/hermes-4-70b,True,2.08,"{
  ""q1_docent_experience"": ""2"",
  ""q2_helpfulness"": ""4"",
  ""q3_interference"": ""3"",
  ""q4_preferred_style"": ""사회·역사적 맥락 중심 해설"",
  ""q5_free_response"": ""해설자가 작품의 배경과 사회적 맥락을 잘 설명해주어 작품을 보다 깊이 이해할 수 있을 때 가장 의미 있다고 생각합니다. 단순히 작품 자체만 보지 않고, 그 시대의 흐름과 작가의 의도까지 함께 설명해주면 더 풍부한 감상이 가능하거든요.""
}",,2,4,3,사회·역사적 맥락 중심 해설,"해설자가 작품의 배경과 사회적 맥락을 잘 설명해주어 작품을 보다 깊이 이해할 수 있을 때 가장 의미 있다고 생각합니다. 단순히 작품 자체만 보지 않고, 그 시대의 흐름과 작가의 의도까지 함께 설명해주면 더 풍부한 감상이 가능하거든요."
3dcfcc95-0c40-5559-a2f4-c59036f3ab8e,openrouter/nousresearch/hermes-4-70b,True,1.88,"{
  ""q1_docent_experience"": ""2"",
  ""q2_helpfulness"": ""4"",
  ""q3_interference"": ""2"",
  ""q4_preferred_style"": ""작가 창작 과정 중심 해설"",
  ""q5_free_response"": ""작가의 창작 배경과 작품 제작 과정을 구체적으로 설명해주는 것이 중요하다. 나중에 스마트팜 설계에 참고할 만한 창의적 아이디어를 얻을 수 있기 때문이다.""
}",,2,4,2,작가 창작 과정 중심 해설,작가의 창작 배경과 작품 제작 과정을 구체적으로 설명해주는 것이 중요하다. 나중에 스마트팜 설계에 참고할 만한 창의적 아이디어를 얻을 수 있기 때문이다.
f1e872b6-b0a2-5bbb-9665-4de16a05b80b,openrouter/nousresearch/hermes-4-70b,True,2.59,"{
  ""q1_docent_experience"": ""3"",
  ""q2_helpfulness"": ""4"",
  ""q3_interference"": ""3"",
  ""q4_preferred_style"": ""사회·역사적 맥락 중심 해설"",
  ""q5_free_response"": ""도슨트 해설에서 가장 중요하게 생각하는 점은 객관적인 맥락 제시와 개인적 해석 여지 확보입니다. 작품에 대한 감상은 개인의 호흡이 중요하지만, 해설자의 객관적 배경 설명을 통해 작품의 사회적 맥락과 창작 의도가 제대로 전달되어야 합니다. 그러면서도 해설이 지나치게 주관적이거나 독단적이어서 관람객의 자유로운 해석을 방해하면 안 됩니다. 적절한 균형이 가장 중요하다고 봅니다.""
}",,3,4,3,사회·역사적 맥락 중심 해설,"도슨트 해설에서 가장 중요하게 생각하는 점은 객관적인 맥락 제시와 개인적 해석 여지 확보입니다. 작품에 대한 감상은 개인의 호흡이 중요하지만, 해설자의 객관적 배경 설명을 통해 작품의 사회적 맥락과 창작 의도가 제대로 전달되어야 합니다. 그러면서도 해설이 지나치게 주관적이거나 독단적이어서 관람객의 자유로운 해석을 방해하면 안 됩니다. 적절한 균형이 가장 중요하다고 봅니다."
df88d50f-3abb-5f2a-b3e6-ea0e15cf697c,openrouter/nousresearch/hermes-4-70b,True,1.73,"{
  ""q1_docent_experience"": ""1"",
  ""q2_helpfulness"": ""2"",
  ""q3_interference"": ""4"",
  ""q4_preferred_style"": ""작가 창작 과정 중심 해설"",
  ""q5_free_response"": ""작품을 보면 제 머릿속에서 그림이 그려져요. 도슨트가 해석을 들이밀면 제 생각을 덮어버려요. 나만의 감상에 집중할 수 있는 공간이 더 소중해요.""
}",,1,2,4,작가 창작 과정 중심 해설,작품을 보면 제 머릿속에서 그림이 그려져요. 도슨트가 해석을 들이밀면 제 생각을 덮어버려요. 나만의 감상에 집중할 수 있는 공간이 더 소중해요.
71d9b2bb-b2c8-5441-90be-dd77e8513ccc,openrouter/nousresearch/hermes-4-70b,True,1.96,"{
  ""q1_docent_experience"": ""3"",
  ""q2_helpfulness"": ""4"",
  ""q3_interference"": ""2"",
  ""q4_preferred_style"": ""작가 창작 과정 중심 해설"",
  ""q5_free_response"": ""해설자가 작품의 배경과 창작 동기를 구체적으로 설명할 때 이해가 쉬워요. 단순 설명보다는 작가의 현장에서의 선택과 과정에 대한 실용적인 정보를 전달해주는 게 가장 좋습니다.""
}",,3,4,2,작가 창작 과정 중심 해설,해설자가 작품의 배경과 창작 동기를 구체적으로 설명할 때 이해가 쉬워요. 단순 설명보다는 작가의 현장에서의 선택과 과정에 대한 실용적인 정보를 전달해주는 게 가장 좋습니다.
4495d9a1-331d-5729-9b4d-4400e57f3738,openrouter/nousresearch/hermes-4-70b,True,2.08,"{
  ""q1_docent_experience"": ""2"",
  ""q2_helpfulness"": ""3"",
  ""q3_interference"": ""2"",
  ""q4_preferred_style"": ""스토리텔링·서사 중심 해설"",
  ""q5_free_response"": ""작품의 배경과 이야기를 알기 쉽게 설명해 주는 게 중요해요. 어려운 용어 대신 우리가 쉽게 느껴지는 말로 전달하면 더 좋겠죠.""
}",,2,3,2,스토리텔링·서사 중심 해설,작품의 배경과 이야기를 알기 쉽게 설명해 주는 게 중요해요. 어려운 용어 대신 우리가 쉽게 느껴지는 말로 전달하면 더 좋겠죠.
5f5d265f-703a-5ab6-9c27-75863d843dcd,openrouter/nousresearch/hermes-4-70b,True,1.69,"{
  ""q1_docent_experience"": ""2"",
  ""q2_helpfulness"": ""3"",
  ""q3_interference"": ""2"",
  ""q4_preferred_style"": ""스토리텔링·서사 중심 해설"",
  ""q5_free_response"": ""작품의 배경과 작가의 감성이 잘 전달되어, 그림을 보는 내 마음속에 이야기가 살아나게 해주는 것이 중요해요.""
}",,2,3,2,스토리텔링·서사 중심 해설,"작품의 배경과 작가의 감성이 잘 전달되어, 그림을 보는 내 마음속에 이야기가 살아나게 해주는 것이 중요해요."
1084ee2e-82a3-5c0c-95d6-ee7ba4da1cbd,openrouter/nousresearch/hermes-4-70b,True,1.72,"{
  ""q1_docent_experience"": ""2"",
  ""q2_helpfulness"": ""4"",
  ""q3_interference"": ""2"",
  ""q4_preferred_style"": ""작가 창작 과정 중심 해설"",
  ""q5_free_response"": ""작품 해석에 객관적인 정보를 제공하며, 개인적인 감상과 해석이 아니라 창작자 의도나 제작 배경을 전달하는데 중점을 두는 것이 중요하다.""
}",,2,4,2,작가 창작 과정 중심 해설,"작품 해석에 객관적인 정보를 제공하며, 개인적인 감상과 해석이 아니라 창작자 의도나 제작 배경을 전달하는데 중점을 두는 것이 중요하다."
eeb818a0-2f44-59b3-8e1a-cc6cabcbce26,openrouter/nousresearch/hermes-4-70b,True,5.6,"{
  ""q1_docent_experience"": ""2"",
  ""q2_helpfulness"": ""3"",
  ""q3_interference"": ""4"",
  ""q4_preferred_style"": ""작가 창작 과정 중심 해설"",
  ""q5_free_response"": ""작품에 대한 해석이 너무 강요되지 않고, 내 생각과 비슷한 의견을 나눌 수 있는 분위기가 중요해요. 수업 같은 느낌보다는, 함께 작품을 보는 친구 같은 존재가 좋겠습니다.""
}",,2,3,4,작가 창작 과정 중심 해설,"작품에 대한 해석이 너무 강요되지 않고, 내 생각과 비슷한 의견을 나눌 수 있는 분위기가 중요해요. 수업 같은 느낌보다는, 함께 작품을 보는 친구 같은 존재가 좋겠습니다."
1b8e5aa1-47c4-58f6-abe7-790a58bb2c4a,openrouter/nousresearch/hermes-4-70b,True,2.36,"{
  ""q1_docent_experience"": ""1"",
  ""q2_helpfulness"": ""3"",
  ""q3_interference"": ""4"",
  ""q4_preferred_style"": ""스토리텔링·서사 중심 해설"",
  ""q5_free_response"": ""작품 해설이 내 생각을 덮지 않고, 배경 지식이나 작가 의도를 알려주는 것이 가장 중요해요. 그래야 작품과 나만의 대화를 이어갈 수 있거든요.""
}",,1,3,4,스토리텔링·서사 중심 해설,"작품 해설이 내 생각을 덮지 않고, 배경 지식이나 작가 의도를 알려주는 것이 가장 중요해요. 그래야 작품과 나만의 대화를 이어갈 수 있거든요."
df10a06c-b6fc-5070-9cfa-34526c88375d,openrouter/nousresearch/hermes-4-70b,True,2.76,"{
  ""q1_docent_experience"": ""3"",
  ""q2_helpfulness"": ""4"",
  ""q3_interference"": ""2"",
  ""q4_preferred_style"": ""작가 창작 과정 중심 해설"",
  ""q5_free_response"": ""작가의 창작 배경과 감성이 어떻게 작품에 표출되었는지 구체적으로 설명해주는 것이 가장 중요하다고 생각합니다. 교과서식 설명보다는 해설자의 정서적 공감을 담은 표현이 독특한 감상 경험을 선사해요.""
}",,3,4,2,작가 창작 과정 중심 해설,작가의 창작 배경과 감성이 어떻게 작품에 표출되었는지 구체적으로 설명해주는 것이 가장 중요하다고 생각합니다. 교과서식 설명보다는 해설자의 정서적 공감을 담은 표현이 독특한 감상 경험을 선사해요.
6a46547b-d107-5683-919e-6c6ebc7691b1,openrouter/nousresearch/hermes-4-70b,True,1.99,"{
  ""q1_docent_experience"": ""3"",
  ""q2_helpfulness"": ""4"",
  ""q3_interference"": ""2"",
  ""q4_preferred_style"": ""사회·역사적 맥락 중심 해설"",
  ""q5_free_response"": ""도슨트 해설에서 가장 중요하게 생각하는 점은, 작품의 배경과 시대적 맥락을 자연스럽게 전달하는 것입니다. 작품의 깊이를 알게 해주어야 하고, 너무 전문적인 용어보다는 일반인도 쉽게 공감할 수 있는 이야기로 전해주는 것이 좋습니다.""
}",,3,4,2,사회·역사적 맥락 중심 해설,"도슨트 해설에서 가장 중요하게 생각하는 점은, 작품의 배경과 시대적 맥락을 자연스럽게 전달하는 것입니다. 작품의 깊이를 알게 해주어야 하고, 너무 전문적인 용어보다는 일반인도 쉽게 공감할 수 있는 이야기로 전해주는 것이 좋습니다."
931066f6-437a-5b5d-a448-53164300e9b9,openrouter/nousresearch/hermes-4-70b,True,1.58,"{
  ""q1_docent_experience"": ""1"",
  ""q2_helpfulness"": ""3"",
  ""q3_interference"": ""3"",
  ""q4_preferred_style"": ""사회·역사적 맥락 중심 해설"",
  ""q5_free_response"": ""작품을 이해하는 데는 도움이 되지만, 자신만의 감상에 방해가 되지 않을 정도의 적정 정보 제공이 중요하다고 생각합니다.""
}",,1,3,3,사회·역사적 맥락 중심 해설,"작품을 이해하는 데는 도움이 되지만, 자신만의 감상에 방해가 되지 않을 정도의 적정 정보 제공이 중요하다고 생각합니다."
959fba4c-52e1-519e-94e0-0b5ad193cbc7,openrouter/nousresearch/hermes-4-70b,True,2.0,"{
  ""q1_docent_experience"": ""2"",
  ""q2_helpfulness"": ""3"",
  ""q3_interference"": ""3"",
  ""q4_preferred_style"": ""스토리텔링·서사 중심 해설"",
  ""q5_free_response"": ""작품의 배경이나 창작 계기를 쉽게 설명해주는 게 좋아요. 그게 있으면 작품이 더 마음에 와닿고, 마음이 따로 움직이게 되거든요. 그런데 설명이 너무 전문 용어 많거나 길면 오히려 집중 안 되고 지루해져요.""
}",,2,3,3,스토리텔링·서사 중심 해설,"작품의 배경이나 창작 계기를 쉽게 설명해주는 게 좋아요. 그게 있으면 작품이 더 마음에 와닿고, 마음이 따로 움직이게 되거든요. 그런데 설명이 너무 전문 용어 많거나 길면 오히려 집중 안 되고 지루해져요."
ba96fa01-f82d-5b14-9ca3-3334219e542c,openrouter/nousresearch/hermes-4-70b,True,1.5,"{
  ""q1_docent_experience"": ""2"",
  ""q2_helpfulness"": ""3"",
  ""q3_interference"": ""2"",
  ""q4_preferred_style"": ""작가 창작 과정 중심 해설"",
  ""q5_free_response"": ""작가의 창작 배경과 독창적인 제작 과정이 잘 전달되어 작품의 내면을 이해할 수 있다면 도움이 될 것 같습니다.""
}",,2,3,2,작가 창작 과정 중심 해설,작가의 창작 배경과 독창적인 제작 과정이 잘 전달되어 작품의 내면을 이해할 수 있다면 도움이 될 것 같습니다.
cf00de67-e245-5071-bdcd-646482e8ca2c,openrouter/nousresearch/hermes-4-70b,True,1.4,"{
  ""q1_docent_experience"": ""2"",
  ""q2_helpfulness"": ""4"",
  ""q3_interference"": ""2"",
  ""q4_preferred_style"": ""작가 창작 과정 중심 해설"",
  ""q5_free_response"": ""해설이 작품의 맥락과 작가의 마음을 이해하기 쉽게 전달해줄 때 가장 소중합니다.""
}",,2,4,2,작가 창작 과정 중심 해설,해설이 작품의 맥락과 작가의 마음을 이해하기 쉽게 전달해줄 때 가장 소중합니다.
327107bd-5769-54df-bf66-19a6b1e3d237,openrouter/nousresearch/hermes-4-70b,True,1.69,"{
  ""q1_docent_experience"": ""1"",
  ""q2_helpfulness"": ""2"",
  ""q3_interference"": ""4"",
  ""q4_preferred_style"": ""선호 없음"",
  ""q5_free_response"": ""도슨트 해설은 오히려 작품을 내 식으로 마음 먹는 걸 방해한다. 나만의 생각이 먼저일 때 그림이 제일 소소해.""
}",,1,2,4,선호 없음,도슨트 해설은 오히려 작품을 내 식으로 마음 먹는 걸 방해한다. 나만의 생각이 먼저일 때 그림이 제일 소소해.
e2137f4f-6fb4-52fb-8c9c-9076c94fba26,openrouter/nousresearch/hermes-4-70b,True,2.36,"{
  ""q1_docent_experience"": ""1"",
  ""q2_helpfulness"": ""1"",
  ""q3_interference"": ""5"",
  ""q4_preferred_style"": ""선호 없음"",
  ""q5_free_response"": ""그림 앞에 있는 나만의 생각과 기분을 놓치게 되는 게 싫습니다. 해설이 없어도 그림 자체가 말을 해주거든요. 그게 제일 소중한 거예요.""
}",,1,1,5,선호 없음,그림 앞에 있는 나만의 생각과 기분을 놓치게 되는 게 싫습니다. 해설이 없어도 그림 자체가 말을 해주거든요. 그게 제일 소중한 거예요.
45806001-6820-5b22-b02b-9b81f5c09afa,openrouter/nousresearch/hermes-4-70b,True,2.24,"{
  ""q1_docent_experience"": ""2"",
  ""q2_helpfulness"": ""3"",
  ""q3_interference"": ""3"",
  ""q4_preferred_style"": ""사회·역사적 맥락 중심 해설"",
  ""q5_free_response"": ""작품 해설에서 가장 중요하게 생각하는 점은 객관적 사실 전달과 개인적 해석 공간의 균형입니다. 도슨트가 작품의 배경과 맥락을 제시하고 나면, 나만의 관람 경험과 느낌을 찾을 수 있는 여지가 있어야 한다고 생각해요.""
}",,2,3,3,사회·역사적 맥락 중심 해설,"작품 해설에서 가장 중요하게 생각하는 점은 객관적 사실 전달과 개인적 해석 공간의 균형입니다. 도슨트가 작품의 배경과 맥락을 제시하고 나면, 나만의 관람 경험과 느낌을 찾을 수 있는 여지가 있어야 한다고 생각해요."
4bffbb80-a24a-5016-a2ab-8b3a1b39149d,openrouter/nousresearch/hermes-4-70b,True,1.67,"{
  ""q1_docent_experience"": ""3"",
  ""q2_helpfulness"": ""4"",
  ""q3_interference"": ""2"",
  ""q4_preferred_style"": ""심리·감정 공감 중심 해설"",
  ""q5_free_response"": ""작품 해석에 대한 개방성을 유지하면서도, 해설자의 감성과 통찰이 관람객의 시각을 넓히는 데 초점을 맞추는 것이 중요합니다.""
}",,3,4,2,심리·감정 공감 중심 해설,"작품 해석에 대한 개방성을 유지하면서도, 해설자의 감성과 통찰이 관람객의 시각을 넓히는 데 초점을 맞추는 것이 중요합니다."
dd2604c6-5cce-54cf-a6c7-42cf46a1e5b2,openrouter/nousresearch/hermes-4-70b,True,2.01,"{
  ""q1_docent_experience"": ""1"",
  ""q2_helpfulness"": ""3"",
  ""q3_interference"": ""2"",
  ""q4_preferred_style"": ""사회·역사적 맥락 중심 해설"",
  ""q5_free_response"": ""작품을 감상할 때 도슨트의 설명이 작품의 배경과 창작 의도를 전달해 주는 게 가장 중요하다고 생각해요. 그걸 알게 되면 작품이 더 깊이 와 닿는 것 같아요.""
}",,1,3,2,사회·역사적 맥락 중심 해설,작품을 감상할 때 도슨트의 설명이 작품의 배경과 창작 의도를 전달해 주는 게 가장 중요하다고 생각해요. 그걸 알게 되면 작품이 더 깊이 와 닿는 것 같아요.
f978e10f-3413-561a-b055-d24213bafd9c,openrouter/nousresearch/hermes-4-70b,True,1.73,"{
  ""q1_docent_experience"": ""2"",
  ""q2_helpfulness"": ""3"",
  ""q3_interference"": ""4"",
  ""q4_preferred_style"": ""작가 창작 과정 중심 해설"",
  ""q5_free_response"": ""작품 해석에 객관적인 정보를 제공하는 동시에 나만의 감상에 방해되지 않도록 배려하는 게 중요해요.""
}",,2,3,4,작가 창작 과정 중심 해설,작품 해석에 객관적인 정보를 제공하는 동시에 나만의 감상에 방해되지 않도록 배려하는 게 중요해요.
648eebb5-e73c-5d69-a3ea-65389f320497,openrouter/nousresearch/hermes-4-70b,True,1.84,"{
  ""q1_docent_experience"": ""2"",
  ""q2_helpfulness"": ""3"",
  ""q3_interference"": ""3"",
  ""q4_preferred_style"": ""스토리텔링·서사 중심 해설"",
  ""q5_free_response"": ""도슨트 해설에서 가장 중요하게 생각하는 점은 해설자의 자연스러운 톤과 배경 설명의 적절함입니다. 작품을 설명할 때 지나치게 전문적인 용어를 사용하지 않고, 일반인도 쉽게 이해할 수 있도록 이야기해주는 게 좋습니다.""
}",,2,3,3,스토리텔링·서사 중심 해설,"도슨트 해설에서 가장 중요하게 생각하는 점은 해설자의 자연스러운 톤과 배경 설명의 적절함입니다. 작품을 설명할 때 지나치게 전문적인 용어를 사용하지 않고, 일반인도 쉽게 이해할 수 있도록 이야기해주는 게 좋습니다."
20c2dec3-16c4-5402-a512-4ae94f24d735,openrouter/nousresearch/hermes-4-70b,True,1.8,"{
  ""q1_docent_experience"": ""2"",
  ""q2_helpfulness"": ""4"",
  ""q3_interference"": ""2"",
  ""q4_preferred_style"": ""작가 창작 과정 중심 해설"",
  ""q5_free_response"": ""작가의 창작 배경과 표현 의도를 간결하게 전달하는 해설. 작품에 대한 기본적 이해를 돕지만, 나만의 감상은 직접 느끼는 게 중요해.""
}",,2,4,2,작가 창작 과정 중심 해설,"작가의 창작 배경과 표현 의도를 간결하게 전달하는 해설. 작품에 대한 기본적 이해를 돕지만, 나만의 감상은 직접 느끼는 게 중요해."
11fe85aa-b3e6-59df-a79f-650abdb99dc0,openrouter/nousresearch/hermes-4-70b,True,1.92,"{
  ""q1_docent_experience"": ""3"",
  ""q2_helpfulness"": ""4"",
  ""q3_interference"": ""2"",
  ""q4_preferred_style"": ""스토리텔링·서사 중심 해설"",
  ""q5_free_response"": ""도슨트 해설은 작품에 숨겨진 이야기를 들려주어 작품을 더 깊이 이해할 수 있게 도와준다고 생각해요. 특히 작가의 의도나 시대적 배경을 생생하게 전달할 때 감상이 더 풍부해져요.""
}",,3,4,2,스토리텔링·서사 중심 해설,도슨트 해설은 작품에 숨겨진 이야기를 들려주어 작품을 더 깊이 이해할 수 있게 도와준다고 생각해요. 특히 작가의 의도나 시대적 배경을 생생하게 전달할 때 감상이 더 풍부해져요.
0e998c27-0c5b-527c-aa13-3a27f7b8424a,openrouter/nousresearch/hermes-4-70b,True,1.74,"{
  ""q1_docent_experience"": ""3"",
  ""q2_helpfulness"": ""4"",
  ""q3_interference"": ""3"",
  ""q4_preferred_style"": ""작가 창작 과정 중심 해설"",
  ""q5_free_response"": ""작품 배경 스토리가 아니라 창작자 개인의 사고 과정을 담은 설명을 선호함. 예술가의 내면 세계를 들여다보는 게 진정한 이해에 도움 됨.""
}",,3,4,3,작가 창작 과정 중심 해설,작품 배경 스토리가 아니라 창작자 개인의 사고 과정을 담은 설명을 선호함. 예술가의 내면 세계를 들여다보는 게 진정한 이해에 도움 됨.
04cf7662-6952-54a6-aceb-81a8611e4cbf,openrouter/nousresearch/hermes-4-70b,True,1.35,"{
  ""q1_docent_experience"": ""3"",
  ""q2_helpfulness"": ""4"",
  ""q3_interference"": ""2"",
  ""q4_preferred_style"": ""작가 창작 과정 중심 해설"",
  ""q5_free_response"": ""작가의 창작 배경과 정신세계를 이해하는 것이 작품 감상의 핵심이라 생각합니다.""
}",,3,4,2,작가 창작 과정 중심 해설,작가의 창작 배경과 정신세계를 이해하는 것이 작품 감상의 핵심이라 생각합니다.
c471d2d5-636e-5c87-a3f0-a6fe169e0f41,openrouter/nousresearch/hermes-4-70b,True,1.57,"{
  ""q1_docent_experience"": ""2"",
  ""q2_helpfulness"": ""4"",
  ""q3_interference"": ""2"",
  ""q4_preferred_style"": ""작가 창작 과정 중심 해설"",
  ""q5_free_response"": ""작가의 창작 배경과 작품 제작 과정을 생생하게 전달해주는 게 제일 좋아요. 작품의 숨은 얘기를 들을 수 있어서 더 몰입할 수 있거든요!""
}",,2,4,2,작가 창작 과정 중심 해설,작가의 창작 배경과 작품 제작 과정을 생생하게 전달해주는 게 제일 좋아요. 작품의 숨은 얘기를 들을 수 있어서 더 몰입할 수 있거든요!
1a569685-bfed-5cfb-b2d7-0e700b110df9,openrouter/nousresearch/hermes-4-70b,True,1.71,"{
  ""q1_docent_experience"": ""2"",
  ""q2_helpfulness"": ""4"",
  ""q3_interference"": ""3"",
  ""q4_preferred_style"": ""스토리텔링·서사 중심 해설"",
  ""q5_free_response"": ""도슨트 해설이 작품을 이해하는 데 도움이 되긴 하지만, 너무 구체적인 해석으로 나만의 감상이 방해받지 않을 수 있도록 균형 잡힌 설명이 중요해.""
}",,2,4,3,스토리텔링·서사 중심 해설,"도슨트 해설이 작품을 이해하는 데 도움이 되긴 하지만, 너무 구체적인 해석으로 나만의 감상이 방해받지 않을 수 있도록 균형 잡힌 설명이 중요해."
e57ff435-96c2-5d28-b0c8-72ac29491773,openrouter/nousresearch/hermes-4-70b,True,2.1,"{
  ""q1_docent_experience"": 2,
  ""q2_helpfulness"": 3,
  ""q3_interference"": 2,
  ""q4_preferred_style"": ""작가 창작 과정 중심 해설"",
  ""q5_free_response"": ""도슨트는 작품을 감상하는 나만의 시간을 방해하기보다는, 오히려 작가의 숨은 의도를 전달해줄 때 진가가 발휘된다고 생각합니다. 단순히 정보를 전달하는 것보다는, 그 작품이 세상에 나온 배경과 창작자의 감정을 전해주는 게 가장 중요한 거 같아요.""
}",,2,3,2,작가 창작 과정 중심 해설,"도슨트는 작품을 감상하는 나만의 시간을 방해하기보다는, 오히려 작가의 숨은 의도를 전달해줄 때 진가가 발휘된다고 생각합니다. 단순히 정보를 전달하는 것보다는, 그 작품이 세상에 나온 배경과 창작자의 감정을 전해주는 게 가장 중요한 거 같아요."
f3bed492-f948-5746-85b3-497e699da592,openrouter/nousresearch/hermes-4-70b,True,2.22,"{
  ""q1_docent_experience"": ""2"",
  ""q2_helpfulness"": ""3"",
  ""q3_interference"": ""2"",
  ""q4_preferred_style"": ""사회·역사적 맥락 중심 해설"",
  ""q5_free_response"": ""도슨트 해설이 작품과 작가의 배경을 이해하는 데 도움이 되지만, 개인적 감상 시간이 부족하면 전달되는 내용을 놓칠 수 있어 적절한 시간 분배가 중요하다고 생각합니다.""
}",,2,3,2,사회·역사적 맥락 중심 해설,"도슨트 해설이 작품과 작가의 배경을 이해하는 데 도움이 되지만, 개인적 감상 시간이 부족하면 전달되는 내용을 놓칠 수 있어 적절한 시간 분배가 중요하다고 생각합니다."
1e41e26b-a366-5d2a-b00c-0ec8836f1e84,openrouter/nousresearch/hermes-4-70b,True,1.66,"{
  ""q1_docent_experience"": ""3"",
  ""q2_helpfulness"": ""3"",
  ""q3_interference"": ""2"",
  ""q4_preferred_style"": ""작가 창작 과정 중심 해설"",
  ""q5_free_response"": ""작품의 배경과 창작자 의도를 자연스럽게 전달하며, 작품과 나만의 연결 고리를 찾을 수 있는 여백을 남겨주는 해설이 좋습니다.""
}",,3,3,2,작가 창작 과정 중심 해설,"작품의 배경과 창작자 의도를 자연스럽게 전달하며, 작품과 나만의 연결 고리를 찾을 수 있는 여백을 남겨주는 해설이 좋습니다."
574f113c-fd63-5117-8f1d-1c2346275a4f,openrouter/nousresearch/hermes-4-70b,True,2.26,"{
  ""q1_docent_experience"": ""2"",
  ""q2_helpfulness"": ""3"",
  ""q3_interference"": ""4"",
  ""q4_preferred_style"": ""사회·역사적 맥락 중심 해설"",
  ""q5_free_response"": ""내 생각엔 도슨트 해설이 작품에 얽힌 진짜 배경 얘기를 들려주는 게 제일 중요해. 그게 없으면 그림은 그림일 뿐이라니까. 그래서 해설이 작품이 만들어진 시절의 사회 분위기나 작가의 속사정을 사실대로 설명해 줘야 한다고 봐.""
}",,2,3,4,사회·역사적 맥락 중심 해설,내 생각엔 도슨트 해설이 작품에 얽힌 진짜 배경 얘기를 들려주는 게 제일 중요해. 그게 없으면 그림은 그림일 뿐이라니까. 그래서 해설이 작품이 만들어진 시절의 사회 분위기나 작가의 속사정을 사실대로 설명해 줘야 한다고 봐.
c91fe671-a8e2-5dbd-a823-844390caa687,openrouter/nousresearch/hermes-4-70b,True,2.01,"{
  ""q1_docent_experience"": 1,
  ""q2_helpfulness"": 1,
  ""q3_interference"": 5,
  ""q4_preferred_style"": ""선호 없음"",
  ""q5_free_response"": ""작품 앞에서 혼자 생각할 시간이 가장 소중해요. 도슨트 설명은 내 느낌을 방해하곤 해서 전혀 필요 없다고 봅니다.""
}",,1,1,5,선호 없음,작품 앞에서 혼자 생각할 시간이 가장 소중해요. 도슨트 설명은 내 느낌을 방해하곤 해서 전혀 필요 없다고 봅니다.
7a3b2042-3427-51a5-8218-d7c28e92ce5c,openrouter/nousresearch/hermes-4-70b,True,2.46,"{
  ""q1_docent_experience"": ""2"",
  ""q2_helpfulness"": ""3"",
  ""q3_interference"": ""3"",
  ""q4_preferred_style"": ""스토리텔링·서사 중심 해설"",
  ""q5_free_response"": ""도슨트 해설은 작품을 이해하는 데 도움은 되지만, 나만의 소감을 형성하는 공간도 필요해. 해설자가 너무 강력하게 주관을 내세우면 오히려 작품을 제대로 마주하기 어려워져. 그래서 해설이 객관적 정보와 함께 나의 감상 공간을 최대한 보장해주는 정도가 가장 좋지 않을까 싶어.""
}",,2,3,3,스토리텔링·서사 중심 해설,"도슨트 해설은 작품을 이해하는 데 도움은 되지만, 나만의 소감을 형성하는 공간도 필요해. 해설자가 너무 강력하게 주관을 내세우면 오히려 작품을 제대로 마주하기 어려워져. 그래서 해설이 객관적 정보와 함께 나의 감상 공간을 최대한 보장해주는 정도가 가장 좋지 않을까 싶어."
3266b0fd-81c1-549b-bf70-8fe9205c37d3,openrouter/nousresearch/hermes-4-70b,True,2.02,"{
  ""q1_docent_experience"": ""1"",
  ""q2_helpfulness"": ""2"",
  ""q3_interference"": ""3"",
  ""q4_preferred_style"": ""사회·역사적 맥락 중심 해설"",
  ""q5_free_response"": ""그림에 대한 기본적인 배경 설명이나 누구에 의해서 언제 그려졌는지를 설명해주는 게 좋겠다. 너무 딱딱하거나 어려운 말보다는 평소에 내가 이해할 수 있는 말투로 설명해주면 좋겠어.""
}",,1,2,3,사회·역사적 맥락 중심 해설,그림에 대한 기본적인 배경 설명이나 누구에 의해서 언제 그려졌는지를 설명해주는 게 좋겠다. 너무 딱딱하거나 어려운 말보다는 평소에 내가 이해할 수 있는 말투로 설명해주면 좋겠어.
e0b431a5-83ee-5f8e-a7d9-03d4756ef358,openrouter/nousresearch/hermes-4-70b,True,1.9,"{
  ""q1_docent_experience"": ""2"",
  ""q2_helpfulness"": ""2"",
  ""q3_interference"": ""4"",
  ""q4_preferred_style"": ""선호 없음"",
  ""q5_free_response"": ""작품을 직접 눈으로 보며 느끼는 개인의 감상이 가장 소중하다고 생각해요. 도슨트 해설은 오히려 제 마음속에 생기는 생각을 방해할 수 있어, 필요 없다고 봅니다.""
}",,2,2,4,선호 없음,"작품을 직접 눈으로 보며 느끼는 개인의 감상이 가장 소중하다고 생각해요. 도슨트 해설은 오히려 제 마음속에 생기는 생각을 방해할 수 있어, 필요 없다고 봅니다."
f5efd189-3d04-5e87-9335-19c42a2d88bf,openrouter/nousresearch/hermes-4-70b,True,2.0,"{
  ""q1_docent_experience"": ""2"",
  ""q2_helpfulness"": ""4"",
  ""q3_interference"": ""2"",
  ""q4_preferred_style"": ""작가 창작 과정 중심 해설"",
  ""q5_free_response"": ""작가의 창작 배경을 알 수 있을 때 작품 감상이 더 깊어지는 것 같아요. 도슨트 해설이 작품을 이해하는 데 큰 도움이 돼요.""
}",,2,4,2,작가 창작 과정 중심 해설,작가의 창작 배경을 알 수 있을 때 작품 감상이 더 깊어지는 것 같아요. 도슨트 해설이 작품을 이해하는 데 큰 도움이 돼요.
3bfad6ea-a57e-52b2-8a4b-70e1356eb26f,openrouter/nousresearch/hermes-4-70b,True,1.78,"{
  ""q1_docent_experience"": ""2"",
  ""q2_helpfulness"": ""3"",
  ""q3_interference"": ""2"",
  ""q4_preferred_style"": ""사회·역사적 맥락 중심 해설"",
  ""q5_free_response"": ""작품을 설명할 때 작가의 삶이나 당시 시대적 배경을 자연스럽게 풀어내는 게 좋아요. 그런 맥락을 알게 되면 작품이 더 와닿는 것 같아요.""
}",,2,3,2,사회·역사적 맥락 중심 해설,작품을 설명할 때 작가의 삶이나 당시 시대적 배경을 자연스럽게 풀어내는 게 좋아요. 그런 맥락을 알게 되면 작품이 더 와닿는 것 같아요.
81fffa36-5190-59d7-9090-de99ad87ae21,openrouter/nousresearch/hermes-4-70b,True,3.3,"{
  ""q1_docent_experience"": 2,
  ""q2_helpfulness"": 3,
  ""q3_interference"": 4,
  ""q4_preferred_style"": ""스토리텔링·서사 중심 해설"",
  ""q5_free_response"": ""도슨트 해설이 작품을 알고 싶은데, 너무 전문용어를 쓰면 오히려 어렵고 불편해요. 작가의 이야기를 재미있게 들려주는 게 제일 좋아요.""
}",,2,3,4,스토리텔링·서사 중심 해설,"도슨트 해설이 작품을 알고 싶은데, 너무 전문용어를 쓰면 오히려 어렵고 불편해요. 작가의 이야기를 재미있게 들려주는 게 제일 좋아요."
93c93045-ef24-5226-a746-93137876ed21,openrouter/nousresearch/hermes-4-70b,True,1.79,"{
  ""q1_docent_experience"": ""2"",
  ""q2_helpfulness"": ""5"",
  ""q3_interference"": ""1"",
  ""q4_preferred_style"": ""스토리텔링·서사 중심 해설"",
  ""q5_free_response"": ""작품 감상에 필요한 배경 지식과 감정적 접근법을 잘 조화시킨 해설이 중요해요. 너무 학술적이면 공감하기 어려워요.""
}",,2,5,1,스토리텔링·서사 중심 해설,작품 감상에 필요한 배경 지식과 감정적 접근법을 잘 조화시킨 해설이 중요해요. 너무 학술적이면 공감하기 어려워요.
fccf3192-ce63-51ef-8a91-9b213f0168f9,openrouter/nousresearch/hermes-4-70b,True,1.65,"{
  ""q1_docent_experience"": ""1"",
  ""q2_helpfulness"": ""2"",
  ""q3_interference"": ""4"",
  ""q4_preferred_style"": ""작가 창작 과정 중심 해설"",
  ""q5_free_response"": ""그냥 작품을 보는 게 제일 좋아. 도슨트가 너무 딱딱하게 설명하거나 특정 해석만 강조하면 더 혼란스러워져서.""
}",,1,2,4,작가 창작 과정 중심 해설,그냥 작품을 보는 게 제일 좋아. 도슨트가 너무 딱딱하게 설명하거나 특정 해석만 강조하면 더 혼란스러워져서.
da1bab05-f8fa-554e-a765-177449ebce85,openrouter/nousresearch/hermes-4-70b,True,1.65,"{
  ""q1_docent_experience"": ""2"",
  ""q2_helpfulness"": ""4"",
  ""q3_interference"": ""2"",
  ""q4_preferred_style"": ""작가 창작 과정 중심 해설"",
  ""q5_free_response"": ""작품 해석의 다양성과 깊이를 제공하며, 전문적인 지식과 친절한 설명이 조화를 이루어야 합니다.""
}",,2,4,2,작가 창작 과정 중심 해설,"작품 해석의 다양성과 깊이를 제공하며, 전문적인 지식과 친절한 설명이 조화를 이루어야 합니다."
83841333-4eae-532b-a4f9-7c39def8eaa1,openrouter/nousresearch/hermes-4-70b,True,1.8,"{
  ""q1_docent_experience"": ""2"",
  ""q2_helpfulness"": ""2"",
  ""q3_interference"": ""3"",
  ""q4_preferred_style"": ""스토리텔링·서사 중심 해설"",
  ""q5_free_response"": ""아이들이 그림 설명할 때 재미있는 이야기를 해주면 좋겠어요. 복잡한 용어보다는 그림의 색깔이나 모양이 주는 느낌 같은 걸 쉽게 설명해주면 좋을 것 같아요.""
}",,2,2,3,스토리텔링·서사 중심 해설,아이들이 그림 설명할 때 재미있는 이야기를 해주면 좋겠어요. 복잡한 용어보다는 그림의 색깔이나 모양이 주는 느낌 같은 걸 쉽게 설명해주면 좋을 것 같아요.
c251f40d-22a1-5ae1-bf12-b71661b3ac6e,openrouter/nousresearch/hermes-4-70b,True,2.17,"{
  ""q1_docent_experience"": ""3"",
  ""q2_helpfulness"": ""4"",
  ""q3_interference"": ""3"",
  ""q4_preferred_style"": ""작가 창작 과정 중심 해설"",
  ""q5_free_response"": ""작가의 창작 배경과 영감을 전달하는 해설이 좋아요. 작품을 바라보는 시각이 확장되는 기분이 들어요.""
}",,3,4,3,작가 창작 과정 중심 해설,작가의 창작 배경과 영감을 전달하는 해설이 좋아요. 작품을 바라보는 시각이 확장되는 기분이 들어요.
5268f4e4-2674-5468-94c9-afd4ea086264,openrouter/nousresearch/hermes-4-70b,True,3.17,"{
  ""q1_docent_experience"": ""1"",
  ""q2_helpfulness"": ""2"",
  ""q3_interference"": ""3"",
  ""q4_preferred_style"": ""사회·역사적 맥락 중심 해설"",
  ""q5_free_response"": ""사실 도슨트 해설보다는 작품과 직접 마주하는 시간을 더 소중하게 생각해요. 가끔 전문가의 설명을 듣는 건 좋지만, 지나치게 많은 정보는 오히려 나만의 생각을 방해할 때가 있거든요. 그래서 해설이 필요하다면, 작품의 역사적 배경이나 사회적 맥락을 간결하게 전달하는 스타일이 좋을 것 같아요.""
}",,1,2,3,사회·역사적 맥락 중심 해설,"사실 도슨트 해설보다는 작품과 직접 마주하는 시간을 더 소중하게 생각해요. 가끔 전문가의 설명을 듣는 건 좋지만, 지나치게 많은 정보는 오히려 나만의 생각을 방해할 때가 있거든요. 그래서 해설이 필요하다면, 작품의 역사적 배경이나 사회적 맥락을 간결하게 전달하는 스타일이 좋을 것 같아요."
636d31d7-a0da-5677-8012-53bfa5272e94,openrouter/nousresearch/hermes-4-70b,True,2.56,"{
  ""q1_docent_experience"": ""3"",
  ""q2_helpfulness"": ""4"",
  ""q3_interference"": ""2"",
  ""q4_preferred_style"": ""작가 창작 과정 중심 해설"",
  ""q5_free_response"": ""작품의 배경과 창작 의도를 명확히 전달하며, 관람객이 작품에 깊이 몰입할 수 있도록 유도하는 것이 중요합니다.""
}",,3,4,2,작가 창작 과정 중심 해설,"작품의 배경과 창작 의도를 명확히 전달하며, 관람객이 작품에 깊이 몰입할 수 있도록 유도하는 것이 중요합니다."
d3e091c0-0f78-5a07-b070-b28a2d624208,openrouter/nousresearch/hermes-4-70b,True,2.14,"{
  ""q1_docent_experience"": ""2"",
  ""q2_helpfulness"": ""3"",
  ""q3_interference"": ""3"",
  ""q4_preferred_style"": ""스토리텔링·서사 중심 해설"",
  ""q5_free_response"": ""도슨트 해설이 작품의 배경과 감성을 쉽게 전달할 수 있다면 도움이 되지만, 너무 딱딱하거나 과도하게 설명하면 오히려 불편해져요. 적절한 분위기와 친근한 톤이 가장 중요 같아요.""
}",,2,3,3,스토리텔링·서사 중심 해설,"도슨트 해설이 작품의 배경과 감성을 쉽게 전달할 수 있다면 도움이 되지만, 너무 딱딱하거나 과도하게 설명하면 오히려 불편해져요. 적절한 분위기와 친근한 톤이 가장 중요 같아요."
c210151f-0d16-5cea-acf7-138907d4f2ee,openrouter/nousresearch/hermes-4-70b,True,1.82,"{
  ""q1_docent_experience"": ""2"",
  ""q2_helpfulness"": ""4"",
  ""q3_interference"": ""2"",
  ""q4_preferred_style"": ""사회·역사적 맥락 중심 해설"",
  ""q5_free_response"": ""작품의 배경과 시대를 설명해주는 게 가장 중요해요. 전통과 역사를 잃지 않으려면 그걸 알아야 한다고 생각해요.""
}",,2,4,2,사회·역사적 맥락 중심 해설,작품의 배경과 시대를 설명해주는 게 가장 중요해요. 전통과 역사를 잃지 않으려면 그걸 알아야 한다고 생각해요.
fb0dc0e2-1404-59d3-bed5-89876f727b0d,openrouter/nousresearch/hermes-4-70b,True,1.9,"{
  ""q1_docent_experience"": ""2"",
  ""q2_helpfulness"": ""3"",
  ""q3_interference"": ""3"",
  ""q4_preferred_style"": ""미술사·양식 중심 해설"",
  ""q5_free_response"": ""도슨트 해설이 작품의 배경과 구체적인 제작 유래를 제대로 설명해 줄 때 도움이 됩니다. 단순한 감상보다는, 그 작품이 어떤 시대적 맥락에서 탄생했는지를 이해하는 것이 중요하다고 생각해요.""
}",,2,3,3,미술사·양식 중심 해설,"도슨트 해설이 작품의 배경과 구체적인 제작 유래를 제대로 설명해 줄 때 도움이 됩니다. 단순한 감상보다는, 그 작품이 어떤 시대적 맥락에서 탄생했는지를 이해하는 것이 중요하다고 생각해요."
f0d54825-781d-5d14-9d40-1b43a2c26a82,openrouter/nousresearch/hermes-4-70b,True,2.38,"{
  ""q1_docent_experience"": ""2"",
  ""q2_helpfulness"": ""3"",
  ""q3_interference"": ""4"",
  ""q4_preferred_style"": ""사회·역사적 맥락 중심 해설"",
  ""q5_free_response"": ""도슨트 해설은 작품을 이해하는 데 도움이 되지만, 너무 많은 설명이 나만의 감상에 방해가 되기도 해요. 작품을 처음 본 느낌과 생각을 먼저 가질 수 있는 여유가 중요하죠.""
}",,2,3,4,사회·역사적 맥락 중심 해설,"도슨트 해설은 작품을 이해하는 데 도움이 되지만, 너무 많은 설명이 나만의 감상에 방해가 되기도 해요. 작품을 처음 본 느낌과 생각을 먼저 가질 수 있는 여유가 중요하죠."
19762409-73b1-5d32-bde7-c328223d528a,openrouter/nousresearch/hermes-4-70b,True,2.04,"{
  ""q1_docent_experience"": ""2"",
  ""q2_helpfulness"": ""3"",
  ""q3_interference"": ""3"",
  ""q4_preferred_style"": ""작가 창작 과정 중심 해설"",
  ""q5_free_response"": ""도슨트 해설이 작품을 이해하는 데는 도움이 되지만, 나만의 느낌이 먼저일 때는 방해될 때가 있어요. 해설이 객관적 사실 위주라면 도움되겠지만, 해석이 강요되면 불편하죠.""
}",,2,3,3,작가 창작 과정 중심 해설,"도슨트 해설이 작품을 이해하는 데는 도움이 되지만, 나만의 느낌이 먼저일 때는 방해될 때가 있어요. 해설이 객관적 사실 위주라면 도움되겠지만, 해석이 강요되면 불편하죠."
be45a2f8-4235-50a5-92a8-c142168295d9,openrouter/nousresearch/hermes-4-70b,True,1.97,"{
  ""q1_docent_experience"": ""2"",
  ""q2_helpfulness"": ""4"",
  ""q3_interference"": ""2"",
  ""q4_preferred_style"": ""스토리텔링·서사 중심 해설"",
  ""q5_free_response"": ""내가 작품을 해석하는 데 있어 도슨트 해설이 맥락을 제공해주는 게 중요해. 특히 작가의 창작 배경이나 사회적 맥락을 알려주는 설명은 나만의 감상과 연결 지어주니까.""
}",,2,4,2,스토리텔링·서사 중심 해설,내가 작품을 해석하는 데 있어 도슨트 해설이 맥락을 제공해주는 게 중요해. 특히 작가의 창작 배경이나 사회적 맥락을 알려주는 설명은 나만의 감상과 연결 지어주니까.
b3380898-b305-5f11-869d-4be224b1469e,openrouter/nousresearch/hermes-4-70b,True,2.05,"{
  ""q1_docent_experience"": ""2"",
  ""q2_helpfulness"": ""3"",
  ""q3_interference"": ""4"",
  ""q4_preferred_style"": ""작가 창작 과정 중심 해설"",
  ""q5_free_response"": ""작품 해석에 대해 개방적인 태도를 유지하며, 나만의 감상에 방해되지 않는 조용하고 간결한 설명을 중요하게 생각해요.""
}",,2,3,4,작가 창작 과정 중심 해설,"작품 해석에 대해 개방적인 태도를 유지하며, 나만의 감상에 방해되지 않는 조용하고 간결한 설명을 중요하게 생각해요."
e6ebc58a-9ee9-505d-92ea-cac8f6a86c66,openrouter/nousresearch/hermes-4-70b,True,1.64,"{
  ""q1_docent_experience"": 2,
  ""q2_helpfulness"": 3,
  ""q3_interference"": 2,
  ""q4_preferred_style"": ""작가 창작 과정 중심 해설"",
  ""q5_free_response"": ""작품에 대한 객관적 사실과 창작 배경을 명확히 설명해 주는 것이 중요해요. 개인적인 감상보다 작품 자체의 의미와 제작자의 의도를 전달하는 게 좋습니다.""
}",,2,3,2,작가 창작 과정 중심 해설,작품에 대한 객관적 사실과 창작 배경을 명확히 설명해 주는 것이 중요해요. 개인적인 감상보다 작품 자체의 의미와 제작자의 의도를 전달하는 게 좋습니다.
44b31dae-a099-5611-9594-56a99c9d062b,openrouter/nousresearch/hermes-4-70b,True,1.87,"{
  ""q1_docent_experience"": ""1"",
  ""q2_helpfulness"": ""2"",
  ""q3_interference"": ""4"",
  ""q4_preferred_style"": ""작가 창작 과정 중심 해설"",
  ""q5_free_response"": ""개인의 감상에 방해되지 않는 선에서 기본적 배경 정보만 전달하는 게 중요해요. 작품을 직접 마주하는 시간을 최대한 보장해 줬으면 좋겠어요.""
}",,1,2,4,작가 창작 과정 중심 해설,개인의 감상에 방해되지 않는 선에서 기본적 배경 정보만 전달하는 게 중요해요. 작품을 직접 마주하는 시간을 최대한 보장해 줬으면 좋겠어요.
9d50e0c1-52aa-53a4-ad47-6bf928e9b647,openrouter/nousresearch/hermes-4-70b,True,1.41,"{
  ""q1_docent_experience"": ""3"",
  ""q2_helpfulness"": ""4"",
  ""q3_interference"": ""2"",
  ""q4_preferred_style"": ""작가 창작 과정 중심 해설"",
  ""q5_free_response"": ""작품 해석을 제한하지 않는 객관적 정보 전달과, 작품의 구조적·기술적 배경 설명""
}",,3,4,2,작가 창작 과정 중심 해설,"작품 해석을 제한하지 않는 객관적 정보 전달과, 작품의 구조적·기술적 배경 설명"
01e4e4c3-9535-5f00-81ad-af7269fb0aeb,openrouter/nousresearch/hermes-4-70b,True,1.94,"{
  ""q1_docent_experience"": ""1"",
  ""q2_helpfulness"": ""2"",
  ""q3_interference"": ""4"",
  ""q4_preferred_style"": ""작가 창작 과정 중심 해설"",
  ""q5_free_response"": ""도슨트 해설이 작품을 설명할 때 작가가 어떤 생각으로 그린 것인지, 그 당시의 상황이 어떻게 반영되었는지에 초점을 맞추는 게 중요하다고 봅니다. 그런 설명 듣는 게 작품을 보는 내 눈에 생명을 불어넣어 주거든요.""
}",,1,2,4,작가 창작 과정 중심 해설,"도슨트 해설이 작품을 설명할 때 작가가 어떤 생각으로 그린 것인지, 그 당시의 상황이 어떻게 반영되었는지에 초점을 맞추는 게 중요하다고 봅니다. 그런 설명 듣는 게 작품을 보는 내 눈에 생명을 불어넣어 주거든요."
58651abc-9175-5c99-9627-1e1e959fe691,openrouter/nousresearch/hermes-4-70b,True,2.26,"{
  ""q1_docent_experience"": ""2"",
  ""q2_helpfulness"": ""3"",
  ""q3_interference"": ""2"",
  ""q4_preferred_style"": ""사회·역사적 맥락 중심 해설"",
  ""q5_free_response"": ""도슨트 해설이 작품에 대한 객관적 사실과 배경을 제시하는 데 초점을 맞추는 게 중요해요. 개인적인 감상은 나중에 혼자서 해도 되니까, 작품이 만들어진 시대적 맥락이나 사회적 배경 같은 기본적인 정보를 명확하게 전달해줄 때 도움이 더 되더라구요.""
}",,2,3,2,사회·역사적 맥락 중심 해설,"도슨트 해설이 작품에 대한 객관적 사실과 배경을 제시하는 데 초점을 맞추는 게 중요해요. 개인적인 감상은 나중에 혼자서 해도 되니까, 작품이 만들어진 시대적 맥락이나 사회적 배경 같은 기본적인 정보를 명확하게 전달해줄 때 도움이 더 되더라구요."
3ffa639f-fa78-55d5-9bcb-da80f554a5a6,openrouter/nousresearch/hermes-4-70b,True,2.51,"{
  ""q1_docent_experience"": ""3"",
  ""q2_helpfulness"": ""4"",
  ""q3_interference"": ""2"",
  ""q4_preferred_style"": ""작가 창작 과정 중심 해설"",
  ""q5_free_response"": ""작품의 배경과 창작 과정이 명확히 전달되어야 합니다. 제가 애니메이션 작가로 활동할 때도 스토리보드와 캐릭터 설계의 맥락이 중요했듯이, 미술 작품도 그 내면을 들여다볼 수 있어야 진정한 감상이 가능합니다.""
}",,3,4,2,작가 창작 과정 중심 해설,"작품의 배경과 창작 과정이 명확히 전달되어야 합니다. 제가 애니메이션 작가로 활동할 때도 스토리보드와 캐릭터 설계의 맥락이 중요했듯이, 미술 작품도 그 내면을 들여다볼 수 있어야 진정한 감상이 가능합니다."
6520a7e8-37c1-5f5c-80f0-e6a6f97de57e,openrouter/nousresearch/hermes-4-70b,True,2.28,"{
  ""q1_docent_experience"": ""2"",
  ""q2_helpfulness"": ""4"",
  ""q3_interference"": ""2"",
  ""q4_preferred_style"": ""작가 창작 과정 중심 해설"",
  ""q5_free_response"": ""작품을 이해하는 데 도움은 되지만, 나만의 감상에 방해되지 않아야 합니다. 해설이 작품에 대한 객관적 사실과 작가의 의도를 전달하는 데 초점을 맞추는 게 가장 중요하다고 생각해요.""
}",,2,4,2,작가 창작 과정 중심 해설,"작품을 이해하는 데 도움은 되지만, 나만의 감상에 방해되지 않아야 합니다. 해설이 작품에 대한 객관적 사실과 작가의 의도를 전달하는 데 초점을 맞추는 게 가장 중요하다고 생각해요."
ae1eb7fd-75f8-5f25-b2fe-33e9b52d4bbc,openrouter/nousresearch/hermes-4-70b,True,1.92,"{
  ""q1_docent_experience"": ""2"",
  ""q2_helpfulness"": ""4"",
  ""q3_interference"": ""2"",
  ""q4_preferred_style"": ""사회·역사적 맥락 중심 해설"",
  ""q5_free_response"": ""작품에 얽힌 시대적 배경과 사회적 맥락을 소개하는 해설이 가장 중요하다. 이는 단순한 미술적 이해를 넘어, 당시의 인간적인 고민과 사회적 xung돌을 이해하는 데 도움이 되기 때문이다.""
}",,2,4,2,사회·역사적 맥락 중심 해설,"작품에 얽힌 시대적 배경과 사회적 맥락을 소개하는 해설이 가장 중요하다. 이는 단순한 미술적 이해를 넘어, 당시의 인간적인 고민과 사회적 xung돌을 이해하는 데 도움이 되기 때문이다."
d64ef6b0-d0f9-5c7e-9f88-048939f3cc98,openrouter/nousresearch/hermes-4-70b,True,2.65,"{
  ""q1_docent_experience"": ""2"",
  ""q2_helpfulness"": ""3"",
  ""q3_interference"": ""4"",
  ""q4_preferred_style"": ""스토리텔링·서사 중심 해설"",
  ""q5_free_response"": ""작품을 이해하는 건 직접 보는 거지, 누군가 설명해주는 거 아니라고 생각해요. 해설은 그냥 참고 정도로 들어야지, 자기 생각을 완전히 바꿔버리게 할 수는 없어야죠.""
}",,2,3,4,스토리텔링·서사 중심 해설,"작품을 이해하는 건 직접 보는 거지, 누군가 설명해주는 거 아니라고 생각해요. 해설은 그냥 참고 정도로 들어야지, 자기 생각을 완전히 바꿔버리게 할 수는 없어야죠."
741f0ca2-d965-5863-9580-e38a7bf8cd43,openrouter/nousresearch/hermes-4-70b,True,1.87,"{
  ""q1_docent_experience"": ""3"",
  ""q2_helpfulness"": ""3"",
  ""q3_interference"": ""3"",
  ""q4_preferred_style"": ""작가 창작 과정 중심 해설"",
  ""q5_free_response"": ""작품 해석에 있어 객관적인 정보와 주관적 감상이 조화된 설명. 해설자가 작품의 배경과 창작 의도를 공유하면서도 나만의 해석을 방해하지 않는 균형이 중요하다.""
}",,3,3,3,작가 창작 과정 중심 해설,작품 해석에 있어 객관적인 정보와 주관적 감상이 조화된 설명. 해설자가 작품의 배경과 창작 의도를 공유하면서도 나만의 해석을 방해하지 않는 균형이 중요하다.
